p1,1
p2,1
p3,1
p4,1
p5,1
p6,1
p7,1
p8,1
p9,1
p10,1
p11,1
p12,1
p13,1
p14,1
p15,1
p16,1
p17,1
p18,1
p19,1
p20,1
p21,1
p22,1
p23,1
p24,1
p25,1
p26,1
p27,1
p28,1
p29,1
p30,1
p31,1
p32,1
p33,1
p34,1
p35,1
p36,1
p37,1
p38,1
p39,1
p40,1
p41,1
p42,1
p43,1
p44,1
p45,1
p46,1
p47,1
p48,1
p49,1
p50,1
p51,1
p52,1
p53,1
p54,1
p55,1
p56,1
p57,1
p58,1
p59,1
p60,1
p61,1
p62,1
p63,1
p64,1
p65,1
p66,1
p67,1
p68,1
p69,1
p70,1
p71,1
p72,1
p73,1
p74,1
p75,1
p76,1
p77,1
p78,1
p79,1
p80,1
p81,1
p82,1
p83,1
p84,1
p85,1
p86,1
p87,1
p88,1
p89,1
p90,1
p91,1
p92,1
p93,1
p94,1
p95,1
p96,1
p97,1
p98,1
p99,1
p100,1
p101,2
p102,2
p103,2
p104,2
p105,2
p106,2
p107,2
p108,2
p109,2
p110,2
p111,2
p112,2
p113,2
p114,2
p115,2
p116,2
p117,2
p118,2
p119,2
p120,2
p121,2
p122,2
p123,2
p124,2
p125,2
p126,2
p127,2
p128,2
p129,2
p130,2
p131,2
p132,2
p133,2
p134,2
p135,2
p136,2
p137,2
p138,2
p139,2
p140,2
p141,2
p142,2
p143,2
p144,2
p145,2
p146,2
p147,2
p148,2
p149,2
p150,2
p151,2
p152,2
p153,2
p154,2
p155,2
p156,2
p157,2
p158,2
p159,2
p160,2
p161,2
p162,2
p163,2
p164,2
p165,2
p166,2
p167,2
p168,2
p169,2
p170,2
p171,2
p172,2
p173,2
p174,2
p175,2
p176,2
p177,2
p178,2
p179,2
p180,2
p181,2
p182,2
p183,2
p184,2
p185,2
p186,2
p187,2
p188,2
p189,2
p190,2
p191,2
p192,2
p193,2
p194,2
p195,2
p196,2
p197,2
p198,2
p199,2
p200,2
p201,3
p202,3
p203,3
p204,3
p205,3
p206,3
p207,3
p208,3
p209,3
p210,3
p211,3
p212,3
p213,3
p214,3
p215,3
p216,3
p217,3
p218,3
p219,3
p220,3
p221,3
p222,3
p223,3
p224,3
p225,3
p226,3
p227,3
p228,3
p229,3
p230,3
p231,3
p232,3
p233,3
p234,3
p235,3
p236,3
p237,3
p238,3
p239,3
p240,3
p241,3
p242,3
p243,3
p244,3
p245,3
p246,3
p247,3
p248,3
p249,3
p250,3
p251,3
p252,3
p253,3
p254,3
p255,3
p256,3
p257,3
p258,3
p259,3
p260,3
p261,3
p262,3
p263,3
p264,3
p265,3
p266,3
p267,3
p268,3
p269,3
p270,3
p271,3
p272,3
p273,3
p274,3
p275,3
p276,3
p277,3
p278,3
p279,3
p280,3
p281,3
p282,3
p283,3
p284,3
p285,3
p286,3
p287,3
p288,3
p289,3
p290,3
p291,3
p292,3
p293,3
p294,3
p295,3
p296,3
p297,3
p298,3
p299,3
p300,3
p301,4
p302,4
p303,4
p304,4
p305,4
p306,4
p307,4
p308,4
p309,4
p310,4
p311,4
p312,4
p313,4
p314,4
p315,4
p316,4
p317,4
p318,4
p319,4
p320,4
p321,4
p322,4
p323,4
p324,4
p325,4
p326,4
p327,4
p328,4
p329,4
p330,4
p331,4
p332,4
p333,4
p334,4
p335,4
p336,4
p337,4
p338,4
p339,4
p340,4
p341,4
p342,4
p343,4
p344,4
p345,4
p346,4
p347,4
p348,4
p349,4
p350,4
p351,4
p352,4
p353,4
p354,4
p355,4
p356,4
p357,4
p358,4
p359,4
p360,4
p361,4
p362,4
p363,4
p364,4
p365,4
p366,4
p367,4
p368,4
p369,4
p370,4
p371,4
p372,4
p373,4
p374,4
p375,4
p376,4
p377,4
p378,4
p379,4
p380,4
p381,4
p382,4
p383,4
p384,4
p385,4
p386,4
p387,4
p388,4
p389,4
p390,4
p391,4
p392,4
p393,4
p394,4
p395,4
p396,4
p397,4
p398,4
p399,4
p400,4
p401,5
p402,5
p403,5
p404,5
p405,5
p406,5
p407,5
p408,5
p409,5
p410,5
p411,5
p412,5
p413,5
p414,5
p415,5
p416,5
p417,5
p418,5
p419,5
p420,5
p421,5
p422,5
p423,5
p424,5
p425,5
p426,5
p427,5
p428,5
p429,5
p430,5
p431,5
p432,5
p433,5
p434,5
p435,5
p436,5
p437,5
p438,5
p439,5
p440,5
p441,5
p442,5
p443,5
p444,5
p445,5
p446,5
p447,5
p448,5
p449,5
p450,5
p451,5
p452,5
p453,5
p454,5
p455,5
p456,5
p457,5
p458,5
p459,5
p460,5
p461,5
p462,5
p463,5
p464,5
p465,5
p466,5
p467,5
p468,5
p469,5
p470,5
p471,5
p472,5
p473,5
p474,5
p475,5
p476,5
p477,5
p478,5
p479,5
p480,5
p481,5
p482,5
p483,5
p484,5
p485,5
p486,5
p487,5
p488,5
p489,5
p490,5
p491,5
p492,5
p493,5
p494,5
p495,5
p496,5
p497,5
p498,5
p499,5
p500,5
p501,6
p502,6
p503,6
p504,6
p505,6
p506,6
p507,6
p508,6
p509,6
p510,6
p511,6
p512,6
p513,6
p514,6
p515,6
p516,6
p517,6
p518,6
p519,6
p520,6
p521,6
p522,6
p523,6
p524,6
p525,6
p526,6
p527,6
p528,6
p529,6
p530,6
p531,6
p532,6
p533,6
p534,6
p535,6
p536,6
p537,6
p538,6
p539,6
p540,6
p541,6
p542,6
p543,6
p544,6
p545,6
p546,6
p547,6
p548,6
p549,6
p550,6
p551,6
p552,6
p553,6
p554,6
p555,6
p556,6
p557,6
p558,6
p559,6
p560,6
p561,6
p562,6
p563,6
p564,6
p565,6
p566,6
p567,6
p568,6
p569,6
p570,6
p571,6
p572,6
p573,6
p574,6
p575,6
p576,6
p577,6
p578,6
p579,6
p580,6
p581,6
p582,6
p583,6
p584,6
p585,6
p586,6
p587,6
p588,6
p589,6
p590,6
p591,6
p592,6
p593,6
p594,6
p595,6
p596,6
p597,6
p598,6
p599,6
p600,6
p601,7
p602,7
p603,7
p604,7
p605,7
p606,7
p607,7
p608,7
p609,7
p610,7
p611,7
p612,7
p613,7
p614,7
p615,7
p616,7
p617,7
p618,7
p619,7
p620,7
p621,7
p622,7
p623,7
p624,7
p625,7
p626,7
p627,7
p628,7
p629,7
p630,7
p631,7
p632,7
p633,7
p634,7
p635,7
p636,7
p637,7
p638,7
p639,7
p640,7
p641,7
p642,7
p643,7
p644,7
p645,7
p646,7
p647,7
p648,7
p649,7
p650,7
p651,7
p652,7
p653,7
p654,7
p655,7
p656,7
p657,7
p658,7
p659,7
p660,7
p661,7
p662,7
p663,7
p664,7
p665,7
p666,7
p667,7
p668,7
p669,7
p670,7
p671,7
p672,7
p673,7
p674,7
p675,7
p676,7
p677,7
p678,7
p679,7
p680,7
p681,7
p682,7
p683,7
p684,7
p685,7
p686,7
p687,7
p688,7
p689,7
p690,7
p691,7
p692,7
p693,7
p694,7
p695,7
p696,7
p697,7
p698,7
p699,7
p700,7
p701,8
p702,8
p703,8
p704,8
p705,8
p706,8
p707,8
p708,8
p709,8
p710,8
p711,8
p712,8
p713,8
p714,8
p715,8
p716,8
p717,8
p718,8
p719,8
p720,8
p721,8
p722,8
p723,8
p724,8
p725,8
p726,8
p727,8
p728,8
p729,8
p730,8
p731,8
p732,8
p733,8
p734,8
p735,8
p736,8
p737,8
p738,8
p739,8
p740,8
p741,8
p742,8
p743,8
p744,8
p745,8
p746,8
p747,8
p748,8
p749,8
p750,8
p751,8
p752,8
p753,8
p754,8
p755,8
p756,8
p757,8
p758,8
p759,8
p760,8
p761,8
p762,8
p763,8
p764,8
p765,8
p766,8
p767,8
p768,8
p769,8
p770,8
p771,8
p772,8
p773,8
p774,8
p775,8
p776,8
p777,8
p778,8
p779,8
p780,8
p781,8
p782,8
p783,8
p784,8
p785,8
p786,8
p787,8
p788,8
p789,8
p790,8
p791,8
p792,8
p793,8
p794,8
p795,8
p796,8
p797,8
p798,8
p799,8
p800,8
p801,9
p802,9
p803,9
p804,9
p805,9
p806,9
p807,9
p808,9
p809,9
p810,9
p811,9
p812,9
p813,9
p814,9
p815,9
p816,9
p817,9
p818,9
p819,9
p820,9
p821,9
p822,9
p823,9
p824,9
p825,9
p826,9
p827,9
p828,9
p829,9
p830,9
p831,9
p832,9
p833,9
p834,9
p835,9
p836,9
p837,9
p838,9
p839,9
p840,9
p841,9
p842,9
p843,9
p844,9
p845,9
p846,9
p847,9
p848,9
p849,9
p850,9
p851,9
p852,9
p853,9
p854,9
p855,9
p856,9
p857,9
p858,9
p859,9
p860,9
p861,9
p862,9
p863,9
p864,9
p865,9
p866,9
p867,9
p868,9
p869,9
p870,9
p871,9
p872,9
p873,9
p874,9
p875,9
p876,9
p877,9
p878,9
p879,9
p880,9
p881,9
p882,9
p883,9
p884,9
p885,9
p886,9
p887,9
p888,9
p889,9
p890,9
p891,9
p892,9
p893,9
p894,9
p895,9
p896,9
p897,9
p898,9
p899,9
p900,9
p901,10
p902,10
p903,10
p904,10
p905,10
p906,10
p907,10
p908,10
p909,10
p910,10
p911,10
p912,10
p913,10
p914,10
p915,10
p916,10
p917,10
p918,10
p919,10
p920,10
p921,10
p922,10
p923,10
p924,10
p925,10
p926,10
p927,10
p928,10
p929,10
p930,10
p931,10
p932,10
p933,10
p934,10
p935,10
p936,10
p937,10
p938,10
p939,10
p940,10
p941,10
p942,10
p943,10
p944,10
p945,10
p946,10
p947,10
p948,10
p949,10
p950,10
p951,10
p952,10
p953,10
p954,10
p955,10
p956,10
p957,10
p958,10
p959,10
p960,10
p961,10
p962,10
p963,10
p964,10
p965,10
p966,10
p967,10
p968,10
p969,10
p970,10
p971,10
p972,10
p973,10
p974,10
p975,10
p976,10
p977,10
p978,10
p979,10
p980,10
p981,10
p982,10
p983,10
p984,10
p985,10
p986,10
p987,10
p988,10
p989,10
p990,10
p991,10
p992,10
p993,10
p994,10
p995,10
p996,10
p997,10
p998,10
p999,10
p1000,10
p1001,11
p1002,11
p1003,11
p1004,11
p1005,11
p1006,11
p1007,11
p1008,11
p1009,11
p1010,11
p1011,11
p1012,11
p1013,11
p1014,11
p1015,11
p1016,11
p1017,11
p1018,11
p1019,11
p1020,11
p1021,11
p1022,11
p1023,11
p1024,11
p1025,11
p1026,11
p1027,11
p1028,11
p1029,11
p1030,11
p1031,11
p1032,11
p1033,11
p1034,11
p1035,11
p1036,11
p1037,11
p1038,11
p1039,11
p1040,11
p1041,11
p1042,11
p1043,11
p1044,11
p1045,11
p1046,11
p1047,11
p1048,11
p1049,11
p1050,11
p1051,11
p1052,11
p1053,11
p1054,11
p1055,11
p1056,11
p1057,11
p1058,11
p1059,11
p1060,11
p1061,11
p1062,11
p1063,11
p1064,11
p1065,11
p1066,11
p1067,11
p1068,11
p1069,11
p1070,11
p1071,11
p1072,11
p1073,11
p1074,11
p1075,11
p1076,11
p1077,11
p1078,11
p1079,11
p1080,11
p1081,11
p1082,11
p1083,11
p1084,11
p1085,11
p1086,11
p1087,11
p1088,11
p1089,11
p1090,11
p1091,11
p1092,11
p1093,11
p1094,11
p1095,11
p1096,11
p1097,11
p1098,11
p1099,11
p1100,11
p1101,12
p1102,12
p1103,12
p1104,12
p1105,12
p1106,12
p1107,12
p1108,12
p1109,12
p1110,12
p1111,12
p1112,12
p1113,12
p1114,12
p1115,12
p1116,12
p1117,12
p1118,12
p1119,12
p1120,12
p1121,12
p1122,12
p1123,12
p1124,12
p1125,12
p1126,12
p1127,12
p1128,12
p1129,12
p1130,12
p1131,12
p1132,12
p1133,12
p1134,12
p1135,12
p1136,12
p1137,12
p1138,12
p1139,12
p1140,12
p1141,12
p1142,12
p1143,12
p1144,12
p1145,12
p1146,12
p1147,12
p1148,12
p1149,12
p1150,12
p1151,12
p1152,12
p1153,12
p1154,12
p1155,12
p1156,12
p1157,12
p1158,12
p1159,12
p1160,12
p1161,12
p1162,12
p1163,12
p1164,12
p1165,12
p1166,12
p1167,12
p1168,12
p1169,12
p1170,12
p1171,12
p1172,12
p1173,12
p1174,12
p1175,12
p1176,12
p1177,12
p1178,12
p1179,12
p1180,12
p1181,12
p1182,12
p1183,12
p1184,12
p1185,12
p1186,12
p1187,12
p1188,12
p1189,12
p1190,12
p1191,12
p1192,12
p1193,12
p1194,12
p1195,12
p1196,12
p1197,12
p1198,12
p1199,12
p1200,12
p1201,13
p1202,13
p1203,13
p1204,13
p1205,13
p1206,13
p1207,13
p1208,13
p1209,13
p1210,13
p1211,13
p1212,13
p1213,13
p1214,13
p1215,13
p1216,13
p1217,13
p1218,13
p1219,13
p1220,13
p1221,13
p1222,13
p1223,13
p1224,13
p1225,13
p1226,13
p1227,13
p1228,13
p1229,13
p1230,13
p1231,13
p1232,13
p1233,13
p1234,13
p1235,13
p1236,13
p1237,13
p1238,13
p1239,13
p1240,13
p1241,13
p1242,13
p1243,13
p1244,13
p1245,13
p1246,13
p1247,13
p1248,13
p1249,13
p1250,13
p1251,13
p1252,13
p1253,13
p1254,13
p1255,13
p1256,13
p1257,13
p1258,13
p1259,13
p1260,13
p1261,13
p1262,13
p1263,13
p1264,13
p1265,13
p1266,13
p1267,13
p1268,13
p1269,13
p1270,13
p1271,13
p1272,13
p1273,13
p1274,13
p1275,13
p1276,13
p1277,13
p1278,13
p1279,13
p1280,13
p1281,13
p1282,13
p1283,13
p1284,13
p1285,13
p1286,13
p1287,13
p1288,13
p1289,13
p1290,13
p1291,13
p1292,13
p1293,13
p1294,13
p1295,13
p1296,13
p1297,13
p1298,13
p1299,13
p1300,13
p1301,14
p1302,14
p1303,14
p1304,14
p1305,14
p1306,14
p1307,14
p1308,14
p1309,14
p1310,14
p1311,14
p1312,14
p1313,14
p1314,14
p1315,14
p1316,14
p1317,14
p1318,14
p1319,14
p1320,14
p1321,14
p1322,14
p1323,14
p1324,14
p1325,14
p1326,14
p1327,14
p1328,14
p1329,14
p1330,14
p1331,14
p1332,14
p1333,14
p1334,14
p1335,14
p1336,14
p1337,14
p1338,14
p1339,14
p1340,14
p1341,14
p1342,14
p1343,14
p1344,14
p1345,14
p1346,14
p1347,14
p1348,14
p1349,14
p1350,14
p1351,14
p1352,14
p1353,14
p1354,14
p1355,14
p1356,14
p1357,14
p1358,14
p1359,14
p1360,14
p1361,14
p1362,14
p1363,14
p1364,14
p1365,14
p1366,14
p1367,14
p1368,14
p1369,14
p1370,14
p1371,14
p1372,14
p1373,14
p1374,14
p1375,14
p1376,14
p1377,14
p1378,14
p1379,14
p1380,14
p1381,14
p1382,14
p1383,14
p1384,14
p1385,14
p1386,14
p1387,14
p1388,14
p1389,14
p1390,14
p1391,14
p1392,14
p1393,14
p1394,14
p1395,14
p1396,14
p1397,14
p1398,14
p1399,14
p1400,14
p1401,15
p1402,15
p1403,15
p1404,15
p1405,15
p1406,15
p1407,15
p1408,15
p1409,15
p1410,15
p1411,15
p1412,15
p1413,15
p1414,15
p1415,15
p1416,15
p1417,15
p1418,15
p1419,15
p1420,15
p1421,15
p1422,15
p1423,15
p1424,15
p1425,15
p1426,15
p1427,15
p1428,15
p1429,15
p1430,15
p1431,15
p1432,15
p1433,15
p1434,15
p1435,15
p1436,15
p1437,15
p1438,15
p1439,15
p1440,15
p1441,15
p1442,15
p1443,15
p1444,15
p1445,15
p1446,15
p1447,15
p1448,15
p1449,15
p1450,15
p1451,15
p1452,15
p1453,15
p1454,15
p1455,15
p1456,15
p1457,15
p1458,15
p1459,15
p1460,15
p1461,15
p1462,15
p1463,15
p1464,15
p1465,15
p1466,15
p1467,15
p1468,15
p1469,15
p1470,15
p1471,15
p1472,15
p1473,15
p1474,15
p1475,15
p1476,15
p1477,15
p1478,15
p1479,15
p1480,15
p1481,15
p1482,15
p1483,15
p1484,15
p1485,15
p1486,15
p1487,15
p1488,15
p1489,15
p1490,15
p1491,15
p1492,15
p1493,15
p1494,15
p1495,15
p1496,15
p1497,15
p1498,15
p1499,15
p1500,15
p1501,16
p1502,16
p1503,16
p1504,16
p1505,16
p1506,16
p1507,16
p1508,16
p1509,16
p1510,16
p1511,16
p1512,16
p1513,16
p1514,16
p1515,16
p1516,16
p1517,16
p1518,16
p1519,16
p1520,16
p1521,16
p1522,16
p1523,16
p1524,16
p1525,16
p1526,16
p1527,16
p1528,16
p1529,16
p1530,16
p1531,16
p1532,16
p1533,16
p1534,16
p1535,16
p1536,16
p1537,16
p1538,16
p1539,16
p1540,16
p1541,16
p1542,16
p1543,16
p1544,16
p1545,16
p1546,16
p1547,16
p1548,16
p1549,16
p1550,16
p1551,16
p1552,16
p1553,16
p1554,16
p1555,16
p1556,16
p1557,16
p1558,16
p1559,16
p1560,16
p1561,16
p1562,16
p1563,16
p1564,16
p1565,16
p1566,16
p1567,16
p1568,16
p1569,16
p1570,16
p1571,16
p1572,16
p1573,16
p1574,16
p1575,16
p1576,16
p1577,16
p1578,16
p1579,16
p1580,16
p1581,16
p1582,16
p1583,16
p1584,16
p1585,16
p1586,16
p1587,16
p1588,16
p1589,16
p1590,16
p1591,16
p1592,16
p1593,16
p1594,16
p1595,16
p1596,16
p1597,16
p1598,16
p1599,16
p1600,16
p1601,17
p1602,17
p1603,17
p1604,17
p1605,17
p1606,17
p1607,17
p1608,17
p1609,17
p1610,17
p1611,17
p1612,17
p1613,17
p1614,17
p1615,17
p1616,17
p1617,17
p1618,17
p1619,17
p1620,17
p1621,17
p1622,17
p1623,17
p1624,17
p1625,17
p1626,17
p1627,17
p1628,17
p1629,17
p1630,17
p1631,17
p1632,17
p1633,17
p1634,17
p1635,17
p1636,17
p1637,17
p1638,17
p1639,17
p1640,17
p1641,17
p1642,17
p1643,17
p1644,17
p1645,17
p1646,17
p1647,17
p1648,17
p1649,17
p1650,17
p1651,17
p1652,17
p1653,17
p1654,17
p1655,17
p1656,17
p1657,17
p1658,17
p1659,17
p1660,17
p1661,17
p1662,17
p1663,17
p1664,17
p1665,17
p1666,17
p1667,17
p1668,17
p1669,17
p1670,17
p1671,17
p1672,17
p1673,17
p1674,17
p1675,17
p1676,17
p1677,17
p1678,17
p1679,17
p1680,17
p1681,17
p1682,17
p1683,17
p1684,17
p1685,17
p1686,17
p1687,17
p1688,17
p1689,17
p1690,17
p1691,17
p1692,17
p1693,17
p1694,17
p1695,17
p1696,17
p1697,17
p1698,17
p1699,17
p1700,17
p1701,18
p1702,18
p1703,18
p1704,18
p1705,18
p1706,18
p1707,18
p1708,18
p1709,18
p1710,18
p1711,18
p1712,18
p1713,18
p1714,18
p1715,18
p1716,18
p1717,18
p1718,18
p1719,18
p1720,18
p1721,18
p1722,18
p1723,18
p1724,18
p1725,18
p1726,18
p1727,18
p1728,18
p1729,18
p1730,18
p1731,18
p1732,18
p1733,18
p1734,18
p1735,18
p1736,18
p1737,18
p1738,18
p1739,18
p1740,18
p1741,18
p1742,18
p1743,18
p1744,18
p1745,18
p1746,18
p1747,18
p1748,18
p1749,18
p1750,18
p1751,18
p1752,18
p1753,18
p1754,18
p1755,18
p1756,18
p1757,18
p1758,18
p1759,18
p1760,18
p1761,18
p1762,18
p1763,18
p1764,18
p1765,18
p1766,18
p1767,18
p1768,18
p1769,18
p1770,18
p1771,18
p1772,18
p1773,18
p1774,18
p1775,18
p1776,18
p1777,18
p1778,18
p1779,18
p1780,18
p1781,18
p1782,18
p1783,18
p1784,18
p1785,18
p1786,18
p1787,18
p1788,18
p1789,18
p1790,18
p1791,18
p1792,18
p1793,18
p1794,18
p1795,18
p1796,18
p1797,18
p1798,18
p1799,18
p1800,18
p1801,19
p1802,19
p1803,19
p1804,19
p1805,19
p1806,19
p1807,19
p1808,19
p1809,19
p1810,19
p1811,19
p1812,19
p1813,19
p1814,19
p1815,19
p1816,19
p1817,19
p1818,19
p1819,19
p1820,19
p1821,19
p1822,19
p1823,19
p1824,19
p1825,19
p1826,19
p1827,19
p1828,19
p1829,19
p1830,19
p1831,19
p1832,19
p1833,19
p1834,19
p1835,19
p1836,19
p1837,19
p1838,19
p1839,19
p1840,19
p1841,19
p1842,19
p1843,19
p1844,19
p1845,19
p1846,19
p1847,19
p1848,19
p1849,19
p1850,19
p1851,19
p1852,19
p1853,19
p1854,19
p1855,19
p1856,19
p1857,19
p1858,19
p1859,19
p1860,19
p1861,19
p1862,19
p1863,19
p1864,19
p1865,19
p1866,19
p1867,19
p1868,19
p1869,19
p1870,19
p1871,19
p1872,19
p1873,19
p1874,19
p1875,19
p1876,19
p1877,19
p1878,19
p1879,19
p1880,19
p1881,19
p1882,19
p1883,19
p1884,19
p1885,19
p1886,19
p1887,19
p1888,19
p1889,19
p1890,19
p1891,19
p1892,19
p1893,19
p1894,19
p1895,19
p1896,19
p1897,19
p1898,19
p1899,19
p1900,19
p1901,20
p1902,20
p1903,20
p1904,20
p1905,20
p1906,20
p1907,20
p1908,20
p1909,20
p1910,20
p1911,20
p1912,20
p1913,20
p1914,20
p1915,20
p1916,20
p1917,20
p1918,20
p1919,20
p1920,20
p1921,20
p1922,20
p1923,20
p1924,20
p1925,20
p1926,20
p1927,20
p1928,20
p1929,20
p1930,20
p1931,20
p1932,20
p1933,20
p1934,20
p1935,20
p1936,20
p1937,20
p1938,20
p1939,20
p1940,20
p1941,20
p1942,20
p1943,20
p1944,20
p1945,20
p1946,20
p1947,20
p1948,20
p1949,20
p1950,20
p1951,20
p1952,20
p1953,20
p1954,20
p1955,20
p1956,20
p1957,20
p1958,20
p1959,20
p1960,20
p1961,20
p1962,20
p1963,20
p1964,20
p1965,20
p1966,20
p1967,20
p1968,20
p1969,20
p1970,20
p1971,20
p1972,20
p1973,20
p1974,20
p1975,20
p1976,20
p1977,20
p1978,20
p1979,20
p1980,20
p1981,20
p1982,20
p1983,20
p1984,20
p1985,20
p1986,20
p1987,20
p1988,20
p1989,20
p1990,20
p1991,20
p1992,20
p1993,20
p1994,20
p1995,20
p1996,20
p1997,20
p1998,20
p1999,20
p2000,20
p2001,21
p2002,21
p2003,21
p2004,21
p2005,21
p2006,21
p2007,21
p2008,21
p2009,21
p2010,21
p2011,21
p2012,21
p2013,21
p2014,21
p2015,21
p2016,21
p2017,21
p2018,21
p2019,21
p2020,21
p2021,21
p2022,21
p2023,21
p2024,21
p2025,21
p2026,21
p2027,21
p2028,21
p2029,21
p2030,21
p2031,21
p2032,21
p2033,21
p2034,21
p2035,21
p2036,21
p2037,21
p2038,21
p2039,21
p2040,21
p2041,21
p2042,21
p2043,21
p2044,21
p2045,21
p2046,21
p2047,21
p2048,21
p2049,21
p2050,21
p2051,21
p2052,21
p2053,21
p2054,21
p2055,21
p2056,21
p2057,21
p2058,21
p2059,21
p2060,21
p2061,21
p2062,21
p2063,21
p2064,21
p2065,21
p2066,21
p2067,21
p2068,21
p2069,21
p2070,21
p2071,21
p2072,21
p2073,21
p2074,21
p2075,21
p2076,21
p2077,21
p2078,21
p2079,21
p2080,21
p2081,21
p2082,21
p2083,21
p2084,21
p2085,21
p2086,21
p2087,21
p2088,21
p2089,21
p2090,21
p2091,21
p2092,21
p2093,21
p2094,21
p2095,21
p2096,21
p2097,21
p2098,21
p2099,21
p2100,21
p2101,22
p2102,22
p2103,22
p2104,22
p2105,22
p2106,22
p2107,22
p2108,22
p2109,22
p2110,22
p2111,22
p2112,22
p2113,22
p2114,22
p2115,22
p2116,22
p2117,22
p2118,22
p2119,22
p2120,22
p2121,22
p2122,22
p2123,22
p2124,22
p2125,22
p2126,22
p2127,22
p2128,22
p2129,22
p2130,22
p2131,22
p2132,22
p2133,22
p2134,22
p2135,22
p2136,22
p2137,22
p2138,22
p2139,22
p2140,22
p2141,22
p2142,22
p2143,22
p2144,22
p2145,22
p2146,22
p2147,22
p2148,22
p2149,22
p2150,22
p2151,22
p2152,22
p2153,22
p2154,22
p2155,22
p2156,22
p2157,22
p2158,22
p2159,22
p2160,22
p2161,22
p2162,22
p2163,22
p2164,22
p2165,22
p2166,22
p2167,22
p2168,22
p2169,22
p2170,22
p2171,22
p2172,22
p2173,22
p2174,22
p2175,22
p2176,22
p2177,22
p2178,22
p2179,22
p2180,22
p2181,22
p2182,22
p2183,22
p2184,22
p2185,22
p2186,22
p2187,22
p2188,22
p2189,22
p2190,22
p2191,22
p2192,22
p2193,22
p2194,22
p2195,22
p2196,22
p2197,22
p2198,22
p2199,22
p2200,22
p2201,23
p2202,23
p2203,23
p2204,23
p2205,23
p2206,23
p2207,23
p2208,23
p2209,23
p2210,23
p2211,23
p2212,23
p2213,23
p2214,23
p2215,23
p2216,23
p2217,23
p2218,23
p2219,23
p2220,23
p2221,23
p2222,23
p2223,23
p2224,23
p2225,23
p2226,23
p2227,23
p2228,23
p2229,23
p2230,23
p2231,23
p2232,23
p2233,23
p2234,23
p2235,23
p2236,23
p2237,23
p2238,23
p2239,23
p2240,23
p2241,23
p2242,23
p2243,23
p2244,23
p2245,23
p2246,23
p2247,23
p2248,23
p2249,23
p2250,23
p2251,23
p2252,23
p2253,23
p2254,23
p2255,23
p2256,23
p2257,23
p2258,23
p2259,23
p2260,23
p2261,23
p2262,23
p2263,23
p2264,23
p2265,23
p2266,23
p2267,23
p2268,23
p2269,23
p2270,23
p2271,23
p2272,23
p2273,23
p2274,23
p2275,23
p2276,23
p2277,23
p2278,23
p2279,23
p2280,23
p2281,23
p2282,23
p2283,23
p2284,23
p2285,23
p2286,23
p2287,23
p2288,23
p2289,23
p2290,23
p2291,23
p2292,23
p2293,23
p2294,23
p2295,23
p2296,23
p2297,23
p2298,23
p2299,23
p2300,23
p2301,24
p2302,24
p2303,24
p2304,24
p2305,24
p2306,24
p2307,24
p2308,24
p2309,24
p2310,24
p2311,24
p2312,24
p2313,24
p2314,24
p2315,24
p2316,24
p2317,24
p2318,24
p2319,24
p2320,24
p2321,24
p2322,24
p2323,24
p2324,24
p2325,24
p2326,24
p2327,24
p2328,24
p2329,24
p2330,24
p2331,24
p2332,24
p2333,24
p2334,24
p2335,24
p2336,24
p2337,24
p2338,24
p2339,24
p2340,24
p2341,24
p2342,24
p2343,24
p2344,24
p2345,24
p2346,24
p2347,24
p2348,24
p2349,24
p2350,24
p2351,24
p2352,24
p2353,24
p2354,24
p2355,24
p2356,24
p2357,24
p2358,24
p2359,24
p2360,24
p2361,24
p2362,24
p2363,24
p2364,24
p2365,24
p2366,24
p2367,24
p2368,24
p2369,24
p2370,24
p2371,24
p2372,24
p2373,24
p2374,24
p2375,24
p2376,24
p2377,24
p2378,24
p2379,24
p2380,24
p2381,24
p2382,24
p2383,24
p2384,24
p2385,24
p2386,24
p2387,24
p2388,24
p2389,24
p2390,24
p2391,24
p2392,24
p2393,24
p2394,24
p2395,24
p2396,24
p2397,24
p2398,24
p2399,24
p2400,24
p2401,25
p2402,25
p2403,25
p2404,25
p2405,25
p2406,25
p2407,25
p2408,25
p2409,25
p2410,25
p2411,25
p2412,25
p2413,25
p2414,25
p2415,25
p2416,25
p2417,25
p2418,25
p2419,25
p2420,25
p2421,25
p2422,25
p2423,25
p2424,25
p2425,25
p2426,25
p2427,25
p2428,25
p2429,25
p2430,25
p2431,25
p2432,25
p2433,25
p2434,25
p2435,25
p2436,25
p2437,25
p2438,25
p2439,25
p2440,25
p2441,25
p2442,25
p2443,25
p2444,25
p2445,25
p2446,25
p2447,25
p2448,25
p2449,25
p2450,25
p2451,25
p2452,25
p2453,25
p2454,25
p2455,25
p2456,25
p2457,25
p2458,25
p2459,25
p2460,25
p2461,25
p2462,25
p2463,25
p2464,25
p2465,25
p2466,25
p2467,25
p2468,25
p2469,25
p2470,25
p2471,25
p2472,25
p2473,25
p2474,25
p2475,25
p2476,25
p2477,25
p2478,25
p2479,25
p2480,25
p2481,25
p2482,25
p2483,25
p2484,25
p2485,25
p2486,25
p2487,25
p2488,25
p2489,25
p2490,25
p2491,25
p2492,25
p2493,25
p2494,25
p2495,25
p2496,25
p2497,25
p2498,25
p2499,25
p2500,25
p2501,26
p2502,26
p2503,26
p2504,26
p2505,26
p2506,26
p2507,26
p2508,26
p2509,26
p2510,26
p2511,26
p2512,26
p2513,26
p2514,26
p2515,26
p2516,26
p2517,26
p2518,26
p2519,26
p2520,26
p2521,26
p2522,26
p2523,26
p2524,26
p2525,26
p2526,26
p2527,26
p2528,26
p2529,26
p2530,26
p2531,26
p2532,26
p2533,26
p2534,26
p2535,26
p2536,26
p2537,26
p2538,26
p2539,26
p2540,26
p2541,26
p2542,26
p2543,26
p2544,26
p2545,26
p2546,26
p2547,26
p2548,26
p2549,26
p2550,26
p2551,26
p2552,26
p2553,26
p2554,26
p2555,26
p2556,26
p2557,26
p2558,26
p2559,26
p2560,26
p2561,26
p2562,26
p2563,26
p2564,26
p2565,26
p2566,26
p2567,26
p2568,26
p2569,26
p2570,26
p2571,26
p2572,26
p2573,26
p2574,26
p2575,26
p2576,26
p2577,26
p2578,26
p2579,26
p2580,26
p2581,26
p2582,26
p2583,26
p2584,26
p2585,26
p2586,26
p2587,26
p2588,26
p2589,26
p2590,26
p2591,26
p2592,26
p2593,26
p2594,26
p2595,26
p2596,26
p2597,26
p2598,26
p2599,26
p2600,26
p2601,27
p2602,27
p2603,27
p2604,27
p2605,27
p2606,27
p2607,27
p2608,27
p2609,27
p2610,27
p2611,27
p2612,27
p2613,27
p2614,27
p2615,27
p2616,27
p2617,27
p2618,27
p2619,27
p2620,27
p2621,27
p2622,27
p2623,27
p2624,27
p2625,27
p2626,27
p2627,27
p2628,27
p2629,27
p2630,27
p2631,27
p2632,27
p2633,27
p2634,27
p2635,27
p2636,27
p2637,27
p2638,27
p2639,27
p2640,27
p2641,27
p2642,27
p2643,27
p2644,27
p2645,27
p2646,27
p2647,27
p2648,27
p2649,27
p2650,27
p2651,27
p2652,27
p2653,27
p2654,27
p2655,27
p2656,27
p2657,27
p2658,27
p2659,27
p2660,27
p2661,27
p2662,27
p2663,27
p2664,27
p2665,27
p2666,27
p2667,27
p2668,27
p2669,27
p2670,27
p2671,27
p2672,27
p2673,27
p2674,27
p2675,27
p2676,27
p2677,27
p2678,27
p2679,27
p2680,27
p2681,27
p2682,27
p2683,27
p2684,27
p2685,27
p2686,27
p2687,27
p2688,27
p2689,27
p2690,27
p2691,27
p2692,27
p2693,27
p2694,27
p2695,27
p2696,27
p2697,27
p2698,27
p2699,27
p2700,27
p2701,28
p2702,28
p2703,28
p2704,28
p2705,28
p2706,28
p2707,28
p2708,28
p2709,28
p2710,28
p2711,28
p2712,28
p2713,28
p2714,28
p2715,28
p2716,28
p2717,28
p2718,28
p2719,28
p2720,28
p2721,28
p2722,28
p2723,28
p2724,28
p2725,28
p2726,28
p2727,28
p2728,28
p2729,28
p2730,28
p2731,28
p2732,28
p2733,28
p2734,28
p2735,28
p2736,28
p2737,28
p2738,28
p2739,28
p2740,28
p2741,28
p2742,28
p2743,28
p2744,28
p2745,28
p2746,28
p2747,28
p2748,28
p2749,28
p2750,28
p2751,28
p2752,28
p2753,28
p2754,28
p2755,28
p2756,28
p2757,28
p2758,28
p2759,28
p2760,28
p2761,28
p2762,28
p2763,28
p2764,28
p2765,28
p2766,28
p2767,28
p2768,28
p2769,28
p2770,28
p2771,28
p2772,28
p2773,28
p2774,28
p2775,28
p2776,28
p2777,28
p2778,28
p2779,28
p2780,28
p2781,28
p2782,28
p2783,28
p2784,28
p2785,28
p2786,28
p2787,28
p2788,28
p2789,28
p2790,28
p2791,28
p2792,28
p2793,28
p2794,28
p2795,28
p2796,28
p2797,28
p2798,28
p2799,28
p2800,28
p2801,29
p2802,29
p2803,29
p2804,29
p2805,29
p2806,29
p2807,29
p2808,29
p2809,29
p2810,29
p2811,29
p2812,29
p2813,29
p2814,29
p2815,29
p2816,29
p2817,29
p2818,29
p2819,29
p2820,29
p2821,29
p2822,29
p2823,29
p2824,29
p2825,29
p2826,29
p2827,29
p2828,29
p2829,29
p2830,29
p2831,29
p2832,29
p2833,29
p2834,29
p2835,29
p2836,29
p2837,29
p2838,29
p2839,29
p2840,29
p2841,29
p2842,29
p2843,29
p2844,29
p2845,29
p2846,29
p2847,29
p2848,29
p2849,29
p2850,29
p2851,29
p2852,29
p2853,29
p2854,29
p2855,29
p2856,29
p2857,29
p2858,29
p2859,29
p2860,29
p2861,29
p2862,29
p2863,29
p2864,29
p2865,29
p2866,29
p2867,29
p2868,29
p2869,29
p2870,29
p2871,29
p2872,29
p2873,29
p2874,29
p2875,29
p2876,29
p2877,29
p2878,29
p2879,29
p2880,29
p2881,29
p2882,29
p2883,29
p2884,29
p2885,29
p2886,29
p2887,29
p2888,29
p2889,29
p2890,29
p2891,29
p2892,29
p2893,29
p2894,29
p2895,29
p2896,29
p2897,29
p2898,29
p2899,29
p2900,29
p2901,30
p2902,30
p2903,30
p2904,30
p2905,30
p2906,30
p2907,30
p2908,30
p2909,30
p2910,30
p2911,30
p2912,30
p2913,30
p2914,30
p2915,30
p2916,30
p2917,30
p2918,30
p2919,30
p2920,30
p2921,30
p2922,30
p2923,30
p2924,30
p2925,30
p2926,30
p2927,30
p2928,30
p2929,30
p2930,30
p2931,30
p2932,30
p2933,30
p2934,30
p2935,30
p2936,30
p2937,30
p2938,30
p2939,30
p2940,30
p2941,30
p2942,30
p2943,30
p2944,30
p2945,30
p2946,30
p2947,30
p2948,30
p2949,30
p2950,30
p2951,30
p2952,30
p2953,30
p2954,30
p2955,30
p2956,30
p2957,30
p2958,30
p2959,30
p2960,30
p2961,30
p2962,30
p2963,30
p2964,30
p2965,30
p2966,30
p2967,30
p2968,30
p2969,30
p2970,30
p2971,30
p2972,30
p2973,30
p2974,30
p2975,30
p2976,30
p2977,30
p2978,30
p2979,30
p2980,30
p2981,30
p2982,30
p2983,30
p2984,30
p2985,30
p2986,30
p2987,30
p2988,30
p2989,30
p2990,30
p2991,30
p2992,30
p2993,30
p2994,30
p2995,30
p2996,30
p2997,30
p2998,30
p2999,30
p3000,30
p3001,31
p3002,31
p3003,31
p3004,31
p3005,31
p3006,31
p3007,31
p3008,31
p3009,31
p3010,31
p3011,31
p3012,31
p3013,31
p3014,31
p3015,31
p3016,31
p3017,31
p3018,31
p3019,31
p3020,31
p3021,31
p3022,31
p3023,31
p3024,31
p3025,31
p3026,31
p3027,31
p3028,31
p3029,31
p3030,31
p3031,31
p3032,31
p3033,31
p3034,31
p3035,31
p3036,31
p3037,31
p3038,31
p3039,31
p3040,31
p3041,31
p3042,31
p3043,31
p3044,31
p3045,31
p3046,31
p3047,31
p3048,31
p3049,31
p3050,31
p3051,31
p3052,31
p3053,31
p3054,31
p3055,31
p3056,31
p3057,31
p3058,31
p3059,31
p3060,31
p3061,31
p3062,31
p3063,31
p3064,31
p3065,31
p3066,31
p3067,31
p3068,31
p3069,31
p3070,31
p3071,31
p3072,31
p3073,31
p3074,31
p3075,31
p3076,31
p3077,31
p3078,31
p3079,31
p3080,31
p3081,31
p3082,31
p3083,31
p3084,31
p3085,31
p3086,31
p3087,31
p3088,31
p3089,31
p3090,31
p3091,31
p3092,31
p3093,31
p3094,31
p3095,31
p3096,31
p3097,31
p3098,31
p3099,31
p3100,31
p3101,10
p3102,10
p3103,10
p3104,10
p3105,10
p3106,10
p3107,10
p3108,10
p3109,10
p3110,10
p3111,10
p3112,10
p3113,10
p3114,10
p3115,10
p3116,10
p3117,10
p3118,10
p3119,10
p3120,10
p3121,10
p3122,10
p3123,10
p3124,10
p3125,10
p3126,10
p3127,10
p3128,10
p3129,10
p3130,10
p3131,10
p3132,10
p3133,10
p3134,10
p3135,10
p3136,11
p3137,10
p3138,10
p3139,10
p3140,10
p3141,10
p3142,10
p3143,10
p3144,10
p3145,10
p3146,10
p3147,10
p3148,10
p3149,10
p3150,10
p3151,10
p3152,10
p3153,10
p3154,10
p3155,10
p3156,10
p3157,10
p3158,10
p3159,10
p3160,10
p3161,10
p3162,10
p3163,10
p3164,10
p3165,10
p3166,10
p3167,10
p3168,10
p3169,10
p3170,10
p3171,10
p3172,10
p3173,10
p3174,10
p3175,10
p3176,10
p3177,10
p3178,10
p3179,10
p3180,10
p3181,10
p3182,10
p3183,10
p3184,10
p3185,10
p3186,10
p3187,10
p3188,10
p3189,10
p3190,10
p3191,10
p3192,10
p3193,10
p3194,10
p3195,10
p3196,10
p3197,10
p3198,10
p3199,10
p3200,10
p3201,10
p3202,10
p3203,10
p3204,10
p3205,10
p3206,10
p3207,10
p3208,10
p3209,10
p3210,10
p3211,10
p3212,10
p3213,10
p3214,10
p3215,10
p3216,10
p3217,10
p3218,10
p3219,10
p3220,10
p3221,10
p3222,10
p3223,10
p3224,10
p3225,10
p3226,10
p3227,10
p3228,10
p3229,10
p3230,10
p3231,10
p3232,10
p3233,10
p3234,10
p3235,10
p3236,10
p3237,10
p3238,10
p3239,10
p3240,10
p3241,10
p3242,10
p3243,10
p3244,10
p3245,10
p3246,10
p3247,10
p3248,10
p3249,10
p3250,10
p3251,10
p3252,10
p3253,10
p3254,10
p3255,9
p3256,9
p3257,9
p3258,9
p3259,9
p3260,9
p3261,9
p3262,9
p3263,9
p3264,9
p3265,9
p3266,9
p3267,9
p3268,9
p3269,9
p3270,9
p3271,9
p3272,9
p3273,9
p3274,9
p3275,9
p3276,9
p3277,9
p3278,9
p3279,9
p3280,9
p3281,9
p3282,9
p3283,9
p3284,9
p3285,9
p3286,9
p3287,9
p3288,9
p3289,9
p3290,9
p3291,9
p3292,9
p3293,9
p3294,9
p3295,9
p3296,9
p3297,9
p3298,9
p3299,9
p3300,9
p3301,9
p3302,9
p3303,9
p3304,9
p3305,9
p3306,9
p3307,9
p3308,9
p3309,9
p3310,9
p3311,9
p3312,9
p3313,9
p3314,9
p3315,9
p3316,9
p3317,9
p3318,9
p3319,9
p3320,9
p3321,9
p3322,9
p3323,9
p3324,9
p3325,9
p3326,9
p3327,9
p3328,9
p3329,9
p3330,9
p3331,9
p3332,9
p3333,9
p3334,9
p3335,9
p3336,9
p3337,9
p3338,9
p3339,9
p3340,9
p3341,9
p3342,9
p3343,9
p3344,9
p3345,9
p3346,9
p3347,9
p3348,9
p3349,9
p3350,9
p3351,9
p3352,9
p3353,9
p3354,9
p3355,9
p3356,9
p3357,9
p3358,9
p3359,9
p3360,9
p3361,9
p3362,9
p3363,9
p3364,9
p3365,9
p3366,9
p3367,9
p3368,9
p3369,9
p3370,9
p3371,9
p3372,9
p3373,9
p3374,9
p3375,9
p3376,9
p3377,9
p3378,9
p3379,9
p3380,9
p3381,9
p3382,8
p3383,9
p3384,9
p3385,9
p3386,9
p3387,9
p3388,9
p3389,9
p3390,9
p3391,9
p3392,9
p3393,9
p3394,9
p3395,9
p3396,9
p3397,9
p3398,9
p3399,9
p3400,9
p3401,9
p3402,9
p3403,9
p3404,9
p3405,9
p3406,9
p3407,9
p3408,9
p3409,9
p3410,9
p3411,9
p3412,9
p3413,9
p3414,9
p3415,9
p3416,9
p3417,9
p3418,9
p3419,9
p3420,8
p3421,9
p3422,9
p3423,9
p3424,9
p3425,9
p3426,9
p3427,9
p3428,9
p3429,9
p3430,9
p3431,9
p3432,9
p3433,9
p3434,9
p3435,9
p3436,9
p3437,9
p3438,9
p3439,9
p3440,9
p3441,8
p3442,9
p3443,9
p3444,9
p3445,9
p3446,9
p3447,9
p3448,9
p3449,9
p3450,9
p3451,9
p3452,9
p3453,9
p3454,9
p3455,9
p3456,9
p3457,9
p3458,9
p3459,9
p3460,9
p3461,9
p3462,9
p3463,9
p3464,9
p3465,9
p3466,9
p3467,9
p3468,9
p3469,9
p3470,9
p3471,9
p3472,9
p3473,9
p3474,9
p3475,9
p3476,9
p3477,9
p3478,9
p3479,9
p3480,9
p3481,9
p3482,9
p3483,9
p3484,9
p3485,9
p3486,9
p3487,9
p3488,9
p3489,9
p3490,9
p3491,9
p3492,9
p3493,9
p3494,9
p3495,9
p3496,9
p3497,9
p3498,9
p3499,9
p3500,9
p3501,9
p3502,9
p3503,9
p3504,9
p3505,9
p3506,9
p3507,9
p3508,9
p3509,9
p3510,9
p3511,9
p3512,9
p3513,9
p3514,9
p3515,9
p3516,9
p3517,9
p3518,9
p3519,9
p3520,9
p3521,9
p3522,9
p3523,9
p3524,9
p3525,9
p3526,9
p3527,9
p3528,9
p3529,9
p3530,9
p3531,9
p3532,9
p3533,9
p3534,9
p3535,9
p3536,9
p3537,9
p3538,9
p3539,9
p3540,9
p3541,9
p3542,9
p3543,9
p3544,9
p3545,9
p3546,9
p3547,9
p3548,9
p3549,9
p3550,9
p3551,9
p3552,9
p3553,9
p3554,9
p3555,9
p3556,9
p3557,9
p3558,9
p3559,9
p3560,9
p3561,9
p3562,9
p3563,9
p3564,9
p3565,9
p3566,9
p3567,9
p3568,9
p3569,9
p3570,9
p3571,9
p3572,9
p3573,9
p3574,9
p3575,9
p3576,9
p3577,9
p3578,9
p3579,9
p3580,9
p3581,9
p3582,8
p3583,9
p3584,9
p3585,9
p3586,9
p3587,9
p3588,9
p3589,9
p3590,9
p3591,9
p3592,9
p3593,9
p3594,9
p3595,9
p3596,9
p3597,9
p3598,9
p3599,9
p3600,9
p3601,9
p3602,11
p3603,11
p3604,11
p3605,11
p3606,11
p3607,11
p3608,11
p3609,11
p3610,11
p3611,11
p3612,11
p3613,11
p3614,11
p3615,11
p3616,11
p3617,11
p3618,11
p3619,11
p3620,11
p3621,11
p3622,11
p3623,11
p3624,11
p3625,11
p3626,10
p3627,11
p3628,11
p3629,11
p3630,11
p3631,11
p3632,11
p3633,11
p3634,11
p3635,11
p3636,11
p3637,11
p3638,11
p3639,11
p3640,11
p3641,11
p3642,11
p3643,11
p3644,11
p3645,11
p3646,11
p3647,11
p3648,11
p3649,11
p3650,11
p3651,11
p3652,11
p3653,11
p3654,11
p3655,11
p3656,11
p3657,11
p3658,11
p3659,11
p3660,11
p3661,11
p3662,11
p3663,11
p3664,11
p3665,11
p3666,11
p3667,11
p3668,11
p3669,11
p3670,11
p3671,11
p3672,11
p3673,11
p3674,11
p3675,11
p3676,11
p3677,11
p3678,11
p3679,11
p3680,11
p3681,11
p3682,11
p3683,11
p3684,11
p3685,11
p3686,11
p3687,11
p3688,11
p3689,11
p3690,11
p3691,11
p3692,11
p3693,11
p3694,11
p3695,11
p3696,11
p3697,11
p3698,11
p3699,11
p3700,11
p3701,11
p3702,11
p3703,11
p3704,11
p3705,11
p3706,11
p3707,11
p3708,11
p3709,11
p3710,11
p3711,11
p3712,11
p3713,11
p3714,11
p3715,11
p3716,11
p3717,11
p3718,11
p3719,11
p3720,11
p3721,11
p3722,11
p3723,11
p3724,11
p3725,11
p3726,11
p3727,11
p3728,11
p3729,11
p3730,11
p3731,11
p3732,11
p3733,11
p3734,11
p3735,11
p3736,11
p3737,11
p3738,11
p3739,11
p3740,11
p3741,11
p3742,11
p3743,11
p3744,11
p3745,11
p3746,11
p3747,11
p3748,11
p3749,11
p3750,11
p3751,11
p3752,11
p3753,11
p3754,11
p3755,11
p3756,11
p3757,11
p3758,11
p3759,11
p3760,11
p3761,11
p3762,11
p3763,11
p3764,11
p3765,11
p3766,11
p3767,11
p3768,11
p3769,11
p3770,11
p3771,11
p3772,11
p3773,11
p3774,11
p3775,11
p3776,11
p3777,11
p3778,11
p3779,11
p3780,11
p3781,11
p3782,11
p3783,11
p3784,11
p3785,11
p3786,11
p3787,11
p3788,11
p3789,11
p3790,11
p3791,11
p3792,11
p3793,11
p3794,11
p3795,11
p3796,11
p3797,11
p3798,11
p3799,11
p3800,11
p3801,11
p3802,11
p3803,11
p3804,11
p3805,11
p3806,11
p3807,11
p3808,11
p3809,11
p3810,11
p3811,11
p3812,11
p3813,11
p3814,11
p3815,11
p3816,11
p3817,11
p3818,11
p3819,11
p3820,11
p3821,11
p3822,11
p3823,11
p3824,11
p3825,11
p3826,11
p3827,11
p3828,11
p3829,11
p3830,11
p3831,11
p3832,11
p3833,11
p3834,11
p3835,11
p3836,11
p3837,11
p3838,11
p3839,11
p3840,11
p3841,11
p3842,11
p3843,11
p3844,11
p3845,11
p3846,11
p3847,11
p3848,11
p3849,11
p3850,11
p3851,11
p3852,11
p3853,11
p3854,11
p3855,11
p3856,11
p3857,11
p3858,11
p3859,11
p3860,11
p3861,11
p3862,11
p3863,11
p3864,11
p3865,11
p3866,11
p3867,11
p3868,11
p3869,11
p3870,11
p3871,11
p3872,11
p3873,11
p3874,11
p3875,11
p3876,11
p3877,11
p3878,11
p3879,11
p3880,11
p3881,11
p3882,11
p3883,11
p3884,11
p3885,11
p3886,11
p3887,11
p3888,11
p3889,11
p3890,11
p3891,11
p3892,11
p3893,11
p3894,11
p3895,11
p3896,11
p3897,11
p3898,11
p3899,11
p3900,11
p3901,11
p3902,11
p3903,11
p3904,11
p3905,11
p3906,11
p3907,11
p3908,11
p3909,11
p3910,11
p3911,11
p3912,11
p3913,11
p3914,11
p3915,11
p3916,11
p3917,11
p3918,11
p3919,11
p3920,11
p3921,11
p3922,11
p3923,11
p3924,11
p3925,11
p3926,11
p3927,11
p3928,11
p3929,11
p3930,11
p3931,11
p3932,11
p3933,11
p3934,11
p3935,11
p3936,11
p3937,11
p3938,11
p3939,11
p3940,11
p3941,11
p3942,11
p3943,11
p3944,11
p3945,11
p3946,11
p3947,11
p3948,11
p3949,11
p3950,11
p3951,12
p3952,12
p3953,12
p3954,12
p3955,12
p3956,12
p3957,12
p3958,12
p3959,12
p3960,12
p3961,12
p3962,12
p3963,12
p3964,12
p3965,12
p3966,12
p3967,12
p3968,12
p3969,12
p3970,12
p3971,12
p3972,12
p3973,12
p3974,12
p3975,12
p3976,12
p3977,12
p3978,12
p3979,12
p3980,12
p3981,12
p3982,12
p3983,12
p3984,12
p3985,12
p3986,12
p3987,12
p3988,12
p3989,12
p3990,12
p3991,12
p3992,12
p3993,12
p3994,12
p3995,12
p3996,12
p3997,12
p3998,12
p3999,12
p4000,12
p4001,12
p4002,12
p4003,12
p4004,12
p4005,12
p4006,12
p4007,12
p4008,12
p4009,12
p4010,12
p4011,12
p4012,12
p4013,12
p4014,12
p4015,12
p4016,12
p4017,12
p4018,12
p4019,12
p4020,12
p4021,12
p4022,12
p4023,12
p4024,12
p4025,12
p4026,12
p4027,12
p4028,12
p4029,12
p4030,12
p4031,12
p4032,12
p4033,12
p4034,12
p4035,12
p4036,12
p4037,12
p4038,12
p4039,12
p4040,12
p4041,12
p4042,12
p4043,12
p4044,12
p4045,12
p4046,12
p4047,12
p4048,12
p4049,12
p4050,12
p4051,12
p4052,12
p4053,12
p4054,12
p4055,12
p4056,12
p4057,12
p4058,12
p4059,12
p4060,12
p4061,12
p4062,12
p4063,12
p4064,12
p4065,12
p4066,12
p4067,12
p4068,12
p4069,12
p4070,12
p4071,12
p4072,12
p4073,12
p4074,12
p4075,12
p4076,12
p4077,12
p4078,12
p4079,12
p4080,12
p4081,12
p4082,12
p4083,12
p4084,12
p4085,12
p4086,12
p4087,12
p4088,12
p4089,12
p4090,12
p4091,12
p4092,12
p4093,12
p4094,12
p4095,12
p4096,12
p4097,12
p4098,12
p4099,12
p4100,12
p4101,12
p4102,12
p4103,12
p4104,12
p4105,12
p4106,12
p4107,12
p4108,12
p4109,12
p4110,12
p4111,12
p4112,12
p4113,12
p4114,12
p4115,12
p4116,12
p4117,12
p4118,12
p4119,12
p4120,12
p4121,12
p4122,12
p4123,12
p4124,12
p4125,12
p4126,12
p4127,12
p4128,12
p4129,12
p4130,12
p4131,12
p4132,12
p4133,12
p4134,12
p4135,12
p4136,12
p4137,12
p4138,12
p4139,12
p4140,12
p4141,12
p4142,12
p4143,12
p4144,12
p4145,12
p4146,12
p4147,12
p4148,12
p4149,12
p4150,12
p4151,12
p4152,12
p4153,12
p4154,12
p4155,12
p4156,12
p4157,12
p4158,12
p4159,12
p4160,12
p4161,12
p4162,12
p4163,12
p4164,12
p4165,12
p4166,12
p4167,12
p4168,12
p4169,12
p4170,12
p4171,12
p4172,12
p4173,12
p4174,12
p4175,12
p4176,12
p4177,12
p4178,12
p4179,12
p4180,12
p4181,12
p4182,12
p4183,12
p4184,12
p4185,12
p4186,12
p4187,12
p4188,12
p4189,12
p4190,12
p4191,12
p4192,12
p4193,12
p4194,12
p4195,12
p4196,12
p4197,12
p4198,12
p4199,12
p4200,12
p4201,12
p4202,12
p4203,12
p4204,12
p4205,12
p4206,12
p4207,12
p4208,12
p4209,12
p4210,12
p4211,12
p4212,12
p4213,12
p4214,12
p4215,12
p4216,12
p4217,12
p4218,12
p4219,12
p4220,12
p4221,12
p4222,12
p4223,12
p4224,12
p4225,12
p4226,12
p4227,12
p4228,12
p4229,12
p4230,12
p4231,12
p4232,12
p4233,12
p4234,12
p4235,12
p4236,12
p4237,12
p4238,12
p4239,12
p4240,12
p4241,12
p4242,12
p4243,12
p4244,12
p4245,12
p4246,12
p4247,12
p4248,12
p4249,12
p4250,12
p4251,12
p4252,12
p4253,12
p4254,12
p4255,12
p4256,12
p4257,12
p4258,12
p4259,12
p4260,12
p4261,12
p4262,12
p4263,12
p4264,12
p4265,12
p4266,12
p4267,12
p4268,12
p4269,12
p4270,12
p4271,12
p4272,12
p4273,12
p4274,12
p4275,12
p4276,12
p4277,12
p4278,12
p4279,12
p4280,12
p4281,12
p4282,12
p4283,12
p4284,12
p4285,12
p4286,12
p4287,12
p4288,12
p4289,12
p4290,12
p4291,12
p4292,12
p4293,12
p4294,12
p4295,12
p4296,12
p4297,12
p4298,12
p4299,12
p4300,12
p4301,6
p4302,6
p4303,6
p4304,6
p4305,6
p4306,6
p4307,6
p4308,6
p4309,6
p4310,6
p4311,6
p4312,6
p4313,6
p4314,6
p4315,6
p4316,6
p4317,6
p4318,6
p4319,6
p4320,6
p4321,6
p4322,6
p4323,6
p4324,6
p4325,6
p4326,5
p4327,6
p4328,6
p4329,6
p4330,6
p4331,6
p4332,6
p4333,6
p4334,6
p4335,6
p4336,6
p4337,6
p4338,6
p4339,6
p4340,6
p4341,6
p4342,6
p4343,6
p4344,6
p4345,6
p4346,6
p4347,6
p4348,6
p4349,6
p4350,6
p4351,6
p4352,6
p4353,6
p4354,6
p4355,6
p4356,6
p4357,6
p4358,6
p4359,6
p4360,6
p4361,6
p4362,6
p4363,6
p4364,6
p4365,6
p4366,6
p4367,6
p4368,6
p4369,6
p4370,6
p4371,6
p4372,6
p4373,6
p4374,6
p4375,6
p4376,6
p4377,6
p4378,6
p4379,6
p4380,6
p4381,6
p4382,6
p4383,6
p4384,6
p4385,6
p4386,6
p4387,6
p4388,6
p4389,6
p4390,6
p4391,6
p4392,6
p4393,6
p4394,6
p4395,6
p4396,6
p4397,6
p4398,6
p4399,6
p4400,6
p4401,6
p4402,6
p4403,6
p4404,6
p4405,6
p4406,6
p4407,6
p4408,6
p4409,6
p4410,6
p4411,6
p4412,5
p4413,6
p4414,6
p4415,6
p4416,6
p4417,6
p4418,6
p4419,6
p4420,6
p4421,6
p4422,6
p4423,6
p4424,6
p4425,6
p4426,6
p4427,6
p4428,6
p4429,6
p4430,6
p4431,6
p4432,6
p4433,6
p4434,6
p4435,6
p4436,6
p4437,6
p4438,6
p4439,6
p4440,6
p4441,6
p4442,6
p4443,6
p4444,6
p4445,6
p4446,6
p4447,6
p4448,6
p4449,6
p4450,6
p4451,6
p4452,6
p4453,6
p4454,6
p4455,6
p4456,6
p4457,6
p4458,6
p4459,6
p4460,6
p4461,6
p4462,6
p4463,6
p4464,6
p4465,6
p4466,6
p4467,6
p4468,6
p4469,6
p4470,6
p4471,6
p4472,6
p4473,6
p4474,6
p4475,6
p4476,6
p4477,6
p4478,6
p4479,6
p4480,6
p4481,6
p4482,6
p4483,6
p4484,6
p4485,6
p4486,6
p4487,6
p4488,6
p4489,6
p4490,6
p4491,6
p4492,6
p4493,6
p4494,6
p4495,6
p4496,6
p4497,6
p4498,6
p4499,6
p4500,6
p4501,6
p4502,6
p4503,6
p4504,6
p4505,6
p4506,6
p4507,6
p4508,6
p4509,6
p4510,6
p4511,6
p4512,6
p4513,6
p4514,6
p4515,6
p4516,6
p4517,6
p4518,6
p4519,6
p4520,6
p4521,6
p4522,6
p4523,6
p4524,6
p4525,6
p4526,6
p4527,6
p4528,6
p4529,6
p4530,6
p4531,6
p4532,6
p4533,6
p4534,6
p4535,6
p4536,6
p4537,6
p4538,6
p4539,6
p4540,6
p4541,6
p4542,6
p4543,6
p4544,6
p4545,6
p4546,6
p4547,6
p4548,6
p4549,6
p4550,6
p4551,6
p4552,6
p4553,6
p4554,6
p4555,6
p4556,6
p4557,6
p4558,6
p4559,6
p4560,6
p4561,6
p4562,6
p4563,6
p4564,6
p4565,6
p4566,6
p4567,6
p4568,6
p4569,6
p4570,6
p4571,6
p4572,6
p4573,6
p4574,6
p4575,6
p4576,6
p4577,6
p4578,6
p4579,6
p4580,6
p4581,6
p4582,6
p4583,6
p4584,6
p4585,6
p4586,6
p4587,6
p4588,6
p4589,6
p4590,6
p4591,6
p4592,6
p4593,6
p4594,6
p4595,6
p4596,6
p4597,6
p4598,6
p4599,6
p4600,6
p4601,6
p4602,6
p4603,6
p4604,6
p4605,6
p4606,6
p4607,6
p4608,6
p4609,6
p4610,6
p4611,6
p4612,6
p4613,6
p4614,6
p4615,6
p4616,5
p4617,6
p4618,6
p4619,6
p4620,6
p4621,6
p4622,6
p4623,6
p4624,6
p4625,6
p4626,6
p4627,6
p4628,6
p4629,6
p4630,6
p4631,6
p4632,6
p4633,6
p4634,6
p4635,6
p4636,6
p4637,6
p4638,6
p4639,6
p4640,6
p4641,6
p4642,6
p4643,6
p4644,6
p4645,6
p4646,6
p4647,6
p4648,6
p4649,6
p4650,6
p4651,4
p4652,4
p4653,4
p4654,4
p4655,4
p4656,4
p4657,4
p4658,4
p4659,4
p4660,4
p4661,4
p4662,4
p4663,4
p4664,4
p4665,4
p4666,4
p4667,4
p4668,4
p4669,4
p4670,4
p4671,4
p4672,4
p4673,4
p4674,4
p4675,4
p4676,4
p4677,4
p4678,4
p4679,4
p4680,4
p4681,4
p4682,4
p4683,4
p4684,4
p4685,4
p4686,4
p4687,4
p4688,4
p4689,4
p4690,4
p4691,4
p4692,4
p4693,4
p4694,4
p4695,4
p4696,4
p4697,4
p4698,4
p4699,4
p4700,4
p4701,4
p4702,4
p4703,4
p4704,4
p4705,4
p4706,4
p4707,4
p4708,4
p4709,4
p4710,4
p4711,4
p4712,4
p4713,4
p4714,4
p4715,4
p4716,4
p4717,4
p4718,4
p4719,4
p4720,4
p4721,4
p4722,4
p4723,4
p4724,4
p4725,4
p4726,4
p4727,4
p4728,4
p4729,4
p4730,4
p4731,4
p4732,4
p4733,4
p4734,4
p4735,4
p4736,4
p4737,4
p4738,4
p4739,4
p4740,4
p4741,4
p4742,4
p4743,4
p4744,4
p4745,4
p4746,4
p4747,4
p4748,4
p4749,4
p4750,4
p4751,4
p4752,4
p4753,4
p4754,4
p4755,4
p4756,4
p4757,4
p4758,4
p4759,4
p4760,4
p4761,4
p4762,4
p4763,4
p4764,4
p4765,4
p4766,4
p4767,4
p4768,4
p4769,4
p4770,4
p4771,4
p4772,4
p4773,4
p4774,4
p4775,4
p4776,4
p4777,4
p4778,4
p4779,4
p4780,4
p4781,4
p4782,4
p4783,4
p4784,4
p4785,4
p4786,4
p4787,4
p4788,4
p4789,4
p4790,4
p4791,4
p4792,4
p4793,4
p4794,4
p4795,4
p4796,4
p4797,4
p4798,4
p4799,4
p4800,4
p4801,4
p4802,4
p4803,4
p4804,4
p4805,4
p4806,4
p4807,4
p4808,4
p4809,4
p4810,4
p4811,4
p4812,4
p4813,4
p4814,4
p4815,4
p4816,4
p4817,4
p4818,4
p4819,4
p4820,4
p4821,4
p4822,4
p4823,4
p4824,4
p4825,4
p4826,4
p4827,4
p4828,4
p4829,4
p4830,4
p4831,4
p4832,4
p4833,4
p4834,4
p4835,4
p4836,4
p4837,4
p4838,4
p4839,4
p4840,4
p4841,4
p4842,4
p4843,4
p4844,4
p4845,4
p4846,4
p4847,4
p4848,4
p4849,4
p4850,4
p4851,4
p4852,4
p4853,4
p4854,4
p4855,4
p4856,4
p4857,4
p4858,4
p4859,4
p4860,4
p4861,4
p4862,4
p4863,4
p4864,4
p4865,4
p4866,4
p4867,4
p4868,4
p4869,4
p4870,4
p4871,4
p4872,4
p4873,4
p4874,4
p4875,4
p4876,4
p4877,4
p4878,4
p4879,4
p4880,4
p4881,4
p4882,4
p4883,4
p4884,4
p4885,4
p4886,4
p4887,4
p4888,4
p4889,4
p4890,4
p4891,4
p4892,4
p4893,4
p4894,4
p4895,4
p4896,4
p4897,4
p4898,4
p4899,4
p4900,4
p4901,4
p4902,4
p4903,4
p4904,4
p4905,4
p4906,4
p4907,4
p4908,4
p4909,4
p4910,4
p4911,4
p4912,4
p4913,4
p4914,4
p4915,4
p4916,4
p4917,4
p4918,4
p4919,4
p4920,4
p4921,4
p4922,4
p4923,4
p4924,4
p4925,4
p4926,4
p4927,4
p4928,4
p4929,4
p4930,4
p4931,4
p4932,4
p4933,4
p4934,4
p4935,4
p4936,4
p4937,4
p4938,4
p4939,4
p4940,4
p4941,4
p4942,4
p4943,4
p4944,4
p4945,4
p4946,4
p4947,4
p4948,4
p4949,4
p4950,4
p4951,4
p4952,4
p4953,4
p4954,4
p4955,4
p4956,4
p4957,4
p4958,4
p4959,4
p4960,4
p4961,4
p4962,4
p4963,4
p4964,4
p4965,4
p4966,4
p4967,4
p4968,4
p4969,4
p4970,4
p4971,4
p4972,4
p4973,4
p4974,4
p4975,4
p4976,4
p4977,4
p4978,4
p4979,4
p4980,4
p4981,4
p4982,4
p4983,4
p4984,4
p4985,4
p4986,4
p4987,4
p4988,4
p4989,4
p4990,4
p4991,4
p4992,4
p4993,4
p4994,4
p4995,4
p4996,4
p4997,4
p4998,4
p4999,4
p5000,4
