p4031,13
p4032,3
p4030,3
p4035,13
p4036,3
p4033,13
p4034,13
p4039,3
p4037,13
p4038,3
p4042,3
p4043,3
p4040,13
p4041,3
p4046,13
p4047,3
p4044,3
p4045,3
p4048,3
p4049,13
p4010,3
p4013,13
p4014,3
p4011,13
p4012,3
p4017,3
p4018,3
p4015,13
p4016,3
p4019,3
p4020,3
p4021,13
p4024,3
p4025,13
p4022,13
p4023,13
p4028,13
p4029,3
p4026,13
p4027,13
p4071,13
p4072,13
p4070,3
p4075,13
p4076,13
p4073,3
p4074,3
p4079,13
p4077,3
p4078,13
p1800,1
p1802,1
p1801,1
p1804,1
p1803,1
p1806,1
p1805,1
p1808,1
p1807,1
p1809,1
p4082,13
p4083,3
p4080,13
p4081,13
p4086,13
p4087,13
p4084,13
p4085,3
p4088,13
p4089,13
p1811,1
p1810,1
p1813,1
p1812,1
p1815,1
p1814,1
p1817,1
p1816,1
p1819,1
p1818,1
p4050,13
p4053,13
p4054,3
p4051,3
p4052,13
p4057,13
p4058,3
p4055,3
p4056,13
p4059,13
p4060,3
p4061,13
p4064,13
p4065,13
p4062,3
p4063,3
p4068,13
p4069,3
p4066,13
p4067,13
p1840,1
p1842,1
p1841,1
p1844,1
p1843,1
p1846,1
p1845,1
p1848,1
p1847,1
p1849,1
p1851,1
p1850,1
p1853,1
p1852,1
p1855,1
p1854,1
p1857,1
p1856,1
p1859,1
p1858,1
p4090,3
p4093,13
p4094,13
p4091,3
p4092,13
p4097,13
p4098,13
p4095,13
p4096,3
p4099,3
p1820,1
p1822,1
p1821,1
p1824,1
p1823,1
p1826,1
p1825,1
p1828,1
p1827,1
p1829,1
p1831,1
p1830,1
p1833,1
p1832,1
p1835,1
p1834,1
p1837,1
p1836,1
p1839,1
p1838,1
p1880,1
p1882,1
p1881,1
p1884,1
p1883,1
p1886,1
p4912,4
p1885,1
p4913,4
p1888,1
p4910,4
p1887,1
p4911,4
p4916,8
p1889,1
p4917,4
p4914,4
p4915,4
p4918,4
p4919,4
p1891,1
p1890,1
p1893,1
p1892,1
p4920,4
p1895,1
p1894,1
p1897,1
p4923,4
p1896,1
p4924,8
p1899,1
p4921,4
p1898,1
p4922,4
p4927,8
p4928,8
p4925,8
p4926,4
p4929,8
p819,1
p1860,1
p1862,1
p1861,1
p810,1
p1864,1
p1863,1
p1866,1
p1865,1
p814,1
p1868,1
p813,1
p1867,1
p812,1
p811,1
p1869,1
p818,1
p817,1
p816,1
p815,1
p809,1
p808,1
p1871,1
p1870,1
p1873,1
p1872,1
p1875,1
p4901,4
p1874,1
p4902,4
p1877,1
p1876,1
p4900,8
p803,1
p1879,1
p4905,4
p802,1
p1878,1
p4906,4
p801,1
p4903,4
p800,1
p4904,8
p807,1
p4909,8
p806,1
p805,1
p4907,4
p804,1
p4908,4
p3500,12
p4831,4
p3501,12
p4832,8
p4830,4
p832,1
p3504,12
p4835,8
p831,1
p3505,12
p4836,8
p830,1
p3502,6
p4833,4
p3503,12
p4834,8
p836,1
p3508,12
p4839,4
p835,1
p3509,12
p834,1
p3506,12
p4837,4
p833,1
p3507,6
p4838,4
p839,1
p838,1
p837,1
p3511,6
p4842,4
p3512,6
p4843,8
p4840,4
p3510,12
p4841,4
p821,1
p3515,11
p4846,8
p820,1
p3516,11
p4847,4
p3513,11
p4844,4
p3514,6
p4845,8
p825,1
p3519,12
p824,1
p823,1
p3517,12
p4848,4
p822,1
p3518,12
p4849,4
p829,1
p828,1
p827,1
p826,1
p1781,1
p1780,1
p850,1
p1783,1
p1782,1
p4810,4
p1785,1
p1784,1
p854,1
p1787,1
p4813,4
p853,1
p1786,1
p4814,4
p852,1
p1789,1
p4811,8
p851,1
p1788,1
p4812,4
p858,1
p4817,8
p857,1
p4818,8
p856,1
p4815,8
p855,1
p4816,4
p4819,4
p859,1
p1790,1
p1792,1
p1791,1
p1794,1
p4820,4
p1793,1
p4821,4
p1796,1
p1795,1
p843,1
p1798,1
p4824,4
p842,1
p1797,1
p4825,8
p841,1
p4822,8
p840,1
p1799,1
p4823,4
p847,1
p4828,4
p846,1
p4829,4
p845,1
p4826,4
p844,1
p4827,8
p849,1
p848,1
p3540,12
p4871,8
p3541,12
p4872,4
p2210,1
p4870,4
p872,1
p2212,1
p3544,12
p4875,8
p871,1
p2211,1
p3545,12
p4876,8
p870,1
p2214,1
p3542,11
p4873,4
p2213,1
p3543,6
p4874,8
p876,1
p2216,1
p3548,6
p4879,4
p875,1
p2215,1
p3549,6
p874,1
p2218,1
p3546,11
p4877,8
p873,1
p2217,1
p3547,6
p4878,4
p879,1
p2219,1
p878,1
p877,1
p3551,11
p4882,4
p3552,12
p4883,8
p2221,1
p4880,8
p2220,1
p3550,12
p4881,4
p861,1
p2223,1
p3555,12
p4886,4
p860,1
p2222,1
p3556,6
p4887,4
p2225,1
p3553,11
p4884,8
p2224,1
p3554,6
p4885,8
p865,1
p2227,1
p3559,11
p864,1
p2226,1
p863,1
p2229,1
p3557,6
p4888,8
p862,1
p2228,1
p3558,11
p4889,4
p869,1
p868,1
p867,1
p866,1
p4850,4
p894,1
p3522,12
p4853,8
p893,1
p3523,12
p4854,4
p892,1
p3520,12
p4851,4
p891,1
p3521,12
p4852,4
p898,1
p3526,6
p4857,8
p897,1
p3527,12
p4858,4
p896,1
p3524,6
p4855,8
p895,1
p3525,12
p4856,4
p3528,12
p4859,4
p899,1
p3529,11
p890,1
p4860,4
p3530,12
p4861,8
p883,1
p2201,1
p3533,11
p4864,8
p882,1
p2200,1
p3534,12
p4865,4
p881,1
p2203,1
p3531,6
p4862,8
p880,1
p2202,1
p3532,12
p4863,8
p887,1
p2205,1
p3537,12
p4868,8
p886,1
p2204,1
p3538,12
p4869,4
p885,1
p2207,1
p3535,6
p4866,4
p884,1
p2206,1
p3536,12
p4867,4
p2209,1
p2208,1
p889,1
p3539,12
p888,1
p3580,12
p3581,12
p2250,1
p2252,1
p3584,12
p2251,1
p3585,12
p2254,1
p3582,12
p2253,1
p3583,6
p2256,1
p3588,11
p2255,1
p3589,12
p2258,1
p3586,12
p2257,1
p3587,12
p2259,1
p3591,11
p3592,11
p2261,1
p2260,1
p3590,12
p2263,1
p3595,6
p2262,1
p3596,12
p2265,1
p3593,11
p2264,1
p3594,12
p2267,1
p3599,6
p2266,1
p2269,1
p3597,12
p2268,1
p3598,12
p4890,8
p2230,1
p3562,12
p4893,8
p3563,12
p4894,4
p2232,1
p3560,12
p4891,4
p2231,1
p3561,12
p4892,8
p2234,1
p3566,12
p4897,4
p2233,1
p3567,11
p4898,4
p2236,1
p3564,12
p4895,4
p2235,1
p3565,12
p4896,4
p2238,1
p2237,1
p3568,6
p4899,8
p2239,1
p3569,11
p3570,6
p2241,1
p3573,11
p2240,1
p3574,12
p2243,1
p3571,12
p2242,1
p3572,6
p2245,1
p3577,12
p2244,1
p3578,12
p2247,1
p3575,11
p2246,1
p3576,12
p2249,1
p2248,1
p3579,6
p2290,1
p2292,1
p2291,1
p2294,1
p2293,1
p2296,1
p2295,1
p2298,1
p2297,1
p2299,1
p4002,3
p4003,13
p4000,3
p4001,13
p4006,3
p4007,3
p4004,13
p4005,13
p4008,13
p4009,13
p2270,1
p2272,1
p2271,1
p2274,1
p2273,1
p2276,1
p2275,1
p2278,1
p2277,1
p2279,1
p2281,1
p2280,1
p2283,1
p2282,1
p2285,1
p2284,1
p2287,1
p2286,1
p2289,1
p2288,1
p2191,1
p2190,1
p2193,1
p2192,1
p2195,1
p2194,1
p2197,1
p2196,1
p2199,1
p2198,1
p1721,1
p1720,1
p1723,1
p1722,1
p1725,1
p1724,1
p1727,1
p1726,1
p1729,1
p1728,1
p1730,1
p1732,1
p1731,1
p1734,1
p1733,1
p1736,1
p1735,1
p1738,1
p1737,1
p1739,1
p1701,1
p1700,1
p1703,1
p1702,1
p1705,1
p1704,1
p1707,1
p1706,1
p1709,1
p1708,1
p1710,1
p1712,1
p1711,1
p1714,1
p1713,1
p1716,1
p1715,1
p1718,1
p1717,1
p1719,1
p919,1
p918,1
p1761,1
p1760,1
p1763,1
p1762,1
p1765,1
p1764,1
p1767,1
p1766,1
p913,1
p1769,1
p912,1
p1768,1
p911,1
p910,1
p917,1
p916,1
p915,1
p914,1
p909,1
p908,1
p907,1
p1770,1
p1772,1
p1771,1
p1774,1
p1773,1
p1776,1
p4802,4
p1775,1
p4803,4
p1778,1
p4800,4
p1777,1
p4801,8
p902,1
p4806,4
p901,1
p1779,1
p4807,8
p900,1
p4804,4
p4805,4
p906,1
p905,1
p904,1
p4808,8
p903,1
p4809,4
p1741,1
p1740,1
p931,1
p1743,1
p930,1
p1742,1
p1745,1
p1744,1
p935,1
p1747,1
p934,1
p1746,1
p933,1
p1749,1
p932,1
p1748,1
p939,1
p938,1
p937,1
p936,1
p929,1
p1750,1
p1752,1
p1751,1
p920,1
p1754,1
p1753,1
p1756,1
p1755,1
p924,1
p1758,1
p923,1
p1757,1
p922,1
p921,1
p1759,1
p928,1
p927,1
p926,1
p925,1
p1680,1
p1682,1
p1681,1
p1684,1
p4710,4
p1683,1
p4711,8
p1686,1
p1685,1
p953,1
p1688,1
p4714,4
p952,1
p1687,1
p4715,4
p951,1
p4712,8
p950,1
p1689,1
p4713,8
p957,1
p4718,4
p956,1
p4719,4
p955,1
p4716,4
p954,1
p4717,4
p959,1
p958,1
p1691,1
p1690,1
p1693,1
p1692,1
p1695,1
p4721,8
p1694,1
p4722,4
p1697,1
p1696,1
p4720,8
p942,1
p1699,1
p4725,8
p941,1
p1698,1
p4726,4
p940,1
p4723,4
p4724,4
p946,1
p4729,4
p945,1
p944,1
p4727,4
p943,1
p4728,4
p949,1
p948,1
p947,1
p1660,1
p2991,1
p2990,1
p971,1
p1662,1
p2993,1
p970,1
p1661,1
p2992,1
p1664,1
p2995,1
p1663,1
p2994,1
p975,1
p1666,1
p2997,1
p974,1
p1665,1
p2996,1
p973,1
p1668,1
p2999,1
p972,1
p1667,1
p2998,1
p979,1
p978,1
p1669,1
p977,1
p976,1
p1671,1
p1670,1
p960,1
p1673,1
p1672,1
p4700,4
p1675,1
p1674,1
p964,1
p1677,1
p4703,4
p963,1
p1676,1
p4704,4
p962,1
p1679,1
p4701,8
p961,1
p1678,1
p4702,4
p968,1
p4707,4
p967,1
p4708,4
p966,1
p4705,4
p965,1
p4706,8
p4709,8
p969,1
p4750,4
p3420,12
p4751,8
p993,1
p3423,12
p4754,4
p992,1
p3424,12
p4755,4
p991,1
p3421,12
p4752,4
p990,1
p3422,12
p4753,4
p997,1
p3427,12
p4758,4
p996,1
p3428,11
p4759,4
p995,1
p3425,6
p4756,8
p994,1
p3426,12
p4757,4
p999,1
p3429,11
p998,1
p3430,12
p4761,4
p3431,12
p4762,4
p2100,1
p4760,4
p982,1
p2102,1
p3434,12
p4765,4
p981,1
p2101,1
p3435,11
p4766,8
p980,1
p2104,1
p3432,12
p4763,8
p2103,1
p3433,12
p4764,4
p986,1
p2106,1
p3438,11
p4769,4
p985,1
p2105,1
p3439,6
p984,1
p2108,1
p3436,12
p4767,4
p983,1
p2107,1
p3437,11
p4768,8
p989,1
p2109,1
p988,1
p987,1
p3401,11
p4732,4
p3402,11
p4733,8
p4730,4
p3400,12
p4731,4
p3405,12
p4736,8
p3406,12
p4737,8
p3403,12
p4734,4
p3404,12
p4735,4
p3409,6
p3407,11
p4738,4
p3408,6
p4739,4
p4740,4
p3412,12
p4743,4
p3413,12
p4744,8
p3410,12
p4741,8
p3411,11
p4742,4
p3416,12
p4747,4
p3417,12
p4748,4
p3414,12
p4745,4
p3415,12
p4746,8
p3418,12
p4749,4
p3419,6
p4790,8
p3460,12
p4791,4
p2131,1
p3463,6
p4794,4
p2130,1
p3464,11
p4795,8
p2133,1
p3461,12
p4792,8
p2132,1
p3462,12
p4793,4
p2135,1
p3467,12
p4798,4
p2134,1
p3468,12
p4799,8
p2137,1
p3465,12
p4796,4
p2136,1
p3466,12
p4797,4
p2139,1
p2138,1
p3469,12
p3470,12
p3471,12
p2140,1
p2142,1
p3474,12
p2141,1
p3475,11
p2144,1
p3472,12
p2143,1
p3473,6
p2146,1
p3478,6
p2145,1
p3479,12
p2148,1
p3476,12
p2147,1
p3477,11
p2149,1
p3441,12
p4772,8
p3442,11
p4773,8
p2111,1
p4770,4
p2110,1
p3440,12
p4771,4
p2113,1
p3445,12
p4776,4
p2112,1
p3446,11
p4777,4
p2115,1
p3443,6
p4774,4
p2114,1
p3444,12
p4775,4
p2117,1
p3449,11
p2116,1
p2119,1
p3447,6
p4778,8
p2118,1
p3448,12
p4779,8
p4780,4
p2120,1
p3452,11
p4783,8
p3453,6
p4784,4
p2122,1
p3450,12
p4781,4
p2121,1
p3451,12
p4782,4
p2124,1
p3456,11
p4787,4
p2123,1
p3457,6
p4788,4
p2126,1
p3454,12
p4785,8
p2125,1
p3455,11
p4786,8
p2128,1
p2127,1
p3458,11
p4789,8
p2129,1
p3459,12
p2171,1
p2170,1
p2173,1
p2172,1
p120,1
p2175,1
p2174,1
p2177,1
p2176,1
p113,1
p2179,1
p112,1
p2178,1
p111,1
p110,1
p117,1
p116,1
p115,1
p114,1
p119,1
p118,1
p2180,1
p2182,1
p2181,1
p2184,1
p2183,1
p2186,1
p2185,1
p2188,1
p2187,1
p102,1
p101,1
p2189,1
p100,1
p106,1
p105,1
p104,1
p103,1
p109,1
p108,1
p107,1
p3481,12
p3482,12
p2151,1
p2150,1
p3480,12
p142,1
p2153,1
p3485,12
p141,1
p2152,1
p3486,6
p140,1
p2155,1
p3483,12
p2154,1
p3484,12
p135,1
p2157,1
p3489,12
p134,1
p2156,1
p133,1
p2159,1
p3487,12
p132,1
p2158,1
p3488,12
p139,1
p138,1
p137,1
p136,1
p2160,1
p3492,12
p3493,6
p2162,1
p3490,12
p2161,1
p3491,12
p131,1
p2164,1
p3496,12
p130,1
p2163,1
p3497,12
p2166,1
p3494,12
p2165,1
p3495,12
p124,1
p2168,1
p123,1
p2167,1
p122,1
p3498,12
p121,1
p2169,1
p3499,12
p128,1
p127,1
p126,1
p125,1
p129,1
p4270,13
p160,1
p4273,13
p4274,13
p4271,13
p4272,3
p164,1
p4277,13
p163,1
p4278,3
p162,1
p4275,13
p161,1
p4276,13
p157,1
p156,1
p155,1
p4279,13
p154,1
p159,1
p158,1
p4280,13
p4281,3
p4284,13
p4285,3
p4282,13
p4283,3
p153,1
p4288,13
p152,1
p4289,3
p151,1
p4286,13
p150,1
p4287,3
p146,1
p145,1
p144,1
p143,1
p149,1
p148,1
p147,1
p182,1
p4251,13
p181,1
p4252,13
p180,1
p4250,13
p186,1
p4255,13
p185,1
p4256,3
p184,1
p4253,13
p183,1
p4254,3
p179,1
p4259,3
p178,1
p177,1
p4257,13
p176,1
p4258,13
p171,1
p4262,3
p170,1
p4263,13
p4260,3
p4261,3
p175,1
p4266,13
p174,1
p4267,13
p173,1
p4264,13
p172,1
p4265,13
p168,1
p167,1
p166,1
p4268,3
p165,1
p4269,13
p169,1
p199,1
p198,1
p193,1
p192,1
p191,1
p190,1
p197,1
p196,1
p195,1
p194,1
p189,1
p188,1
p187,1
p4291,3
p4292,3
p4290,13
p4295,13
p4296,3
p4293,13
p4294,3
p4299,3
p4297,3
p4298,3
p3820,2
p3823,5
p3824,5
p3821,5
p3822,5
p3827,15
p3828,5
p3825,5
p3826,15
p3829,5
p3830,5
p3831,2
p2500,1
p2502,1
p3834,15
p2501,1
p3835,2
p2504,1
p3832,5
p2503,1
p3833,15
p2506,1
p3838,2
p2505,1
p3839,5
p2508,1
p3836,2
p2507,1
p3837,5
p2509,1
p3801,2
p3802,2
p3800,5
p3805,5
p3806,5
p3803,5
p3804,5
p3809,5
p3807,5
p3808,5
p3812,5
p3813,5
p3810,2
p3811,15
p3816,5
p3817,5
p3814,5
p3815,5
p3818,5
p3819,15
p2410,1
p3742,2
p3743,5
p2412,1
p3740,5
p2411,1
p3741,2
p2414,1
p3746,5
p2413,1
p3747,5
p2416,1
p3744,5
p2415,1
p3745,2
p2418,1
p2417,1
p3748,5
p2419,1
p3749,5
p3750,5
p2421,1
p3753,5
p2420,1
p3754,15
p2423,1
p3751,5
p2422,1
p3752,5
p2425,1
p3757,15
p2424,1
p3758,5
p2427,1
p3755,5
p2426,1
p3756,5
p2429,1
p2428,1
p3759,5
p3720,5
p3721,5
p3724,5
p3725,5
p3722,5
p3723,5
p3728,5
p3729,5
p3726,5
p3727,5
p3731,5
p3732,5
p2401,1
p2400,1
p3730,5
p2403,1
p3735,5
p2402,1
p3736,5
p2405,1
p3733,2
p2404,1
p3734,2
p2407,1
p3739,5
p2406,1
p2409,1
p3737,5
p2408,1
p3738,2
p2450,1
p3782,5
p3783,15
p10,1
p1121,1
p2452,1
p3780,2
p1120,1
p2451,1
p3781,5
p12,1
p1123,1
p2454,1
p3786,5
p11,1
p1122,1
p2453,1
p3787,5
p14,1
p1125,1
p2456,1
p3784,5
p13,1
p1124,1
p2455,1
p3785,2
p16,1
p1127,1
p2458,1
p15,1
p1126,1
p2457,1
p18,1
p1129,1
p3788,5
p17,1
p1128,1
p2459,1
p3789,15
p19,1
p3790,5
p1130,1
p2461,1
p3793,2
p2460,1
p3794,2
p21,1
p1132,1
p2463,1
p3791,15
p20,1
p1131,1
p2462,1
p3792,5
p23,1
p1134,1
p2465,1
p3797,5
p22,1
p1133,1
p2464,1
p3798,15
p25,1
p1136,1
p2467,1
p3795,2
p24,1
p1135,1
p2466,1
p3796,2
p27,1
p1138,1
p2469,1
p26,1
p1137,1
p2468,1
p29,1
p3799,5
p28,1
p1139,1
p30,1
p3760,5
p3761,15
p32,1
p2430,1
p31,1
p34,1
p1101,1
p2432,1
p3764,5
p33,1
p1100,1
p2431,1
p3765,2
p36,1
p1103,1
p2434,1
p3762,5
p35,1
p1102,1
p2433,1
p3763,5
p38,1
p1105,1
p2436,1
p3768,5
p37,1
p1104,1
p2435,1
p3769,5
p1107,1
p2438,1
p3766,5
p39,1
p1106,1
p2437,1
p3767,5
p1109,1
p1108,1
p2439,1
p41,1
p3771,5
p40,1
p3772,5
p43,1
p1110,1
p2441,1
p42,1
p2440,1
p3770,15
p45,1
p1112,1
p2443,1
p3775,2
p44,1
p1111,1
p2442,1
p3776,5
p47,1
p1114,1
p2445,1
p3773,2
p46,1
p1113,1
p2444,1
p3774,5
p49,1
p1116,1
p2447,1
p3779,2
p48,1
p1115,1
p2446,1
p1118,1
p2449,1
p3777,2
p1117,1
p2448,1
p3778,5
p1119,1
p2490,1
p50,1
p1161,1
p2492,1
p1160,1
p2491,1
p52,1
p1163,1
p2494,1
p51,1
p1162,1
p2493,1
p54,1
p1165,1
p2496,1
p53,1
p1164,1
p2495,1
p56,1
p1167,1
p2498,1
p55,1
p1166,1
p2497,1
p58,1
p1169,1
p57,1
p1168,1
p2499,1
p59,1
p1170,1
p61,1
p1172,1
p60,1
p1171,1
p63,1
p1174,1
p4200,13
p62,1
p1173,1
p4201,3
p65,1
p1176,1
p64,1
p1175,1
p67,1
p1178,1
p4204,13
p66,1
p1177,1
p4205,13
p69,1
p4202,3
p68,1
p1179,1
p4203,13
p4208,13
p4209,3
p4206,13
p4207,13
p70,1
p72,1
p2470,1
p71,1
p74,1
p1141,1
p2472,1
p73,1
p1140,1
p2471,1
p76,1
p1143,1
p2474,1
p75,1
p1142,1
p2473,1
p78,1
p212,1
p1145,1
p2476,1
p77,1
p211,1
p1144,1
p2475,1
p210,1
p1147,1
p2478,1
p79,1
p1146,1
p2477,1
p216,1
p1149,1
p215,1
p1148,1
p2479,1
p214,1
p213,1
p219,1
p218,1
p217,1
p81,1
p80,1
p83,1
p1150,1
p2481,1
p82,1
p2480,1
p85,1
p1152,1
p2483,1
p84,1
p1151,1
p2482,1
p87,1
p1154,1
p2485,1
p86,1
p1153,1
p2484,1
p89,1
p201,1
p1156,1
p2487,1
p88,1
p200,1
p1155,1
p2486,1
p1158,1
p2489,1
p1157,1
p2488,1
p205,1
p204,1
p1159,1
p203,1
p202,1
p209,1
p208,1
p207,1
p206,1
p90,1
p92,1
p91,1
p4230,13
p94,1
p93,1
p96,1
p241,1
p4233,3
p95,1
p240,1
p4234,13
p98,1
p4231,13
p97,1
p4232,13
p234,1
p4237,3
p99,1
p233,1
p4238,3
p232,1
p4235,13
p231,1
p4236,3
p238,1
p237,1
p236,1
p4239,3
p235,1
p239,1
p4240,3
p4241,13
p230,1
p4244,13
p4245,13
p4242,13
p4243,13
p223,1
p4248,13
p222,1
p4249,13
p221,1
p4246,3
p220,1
p4247,13
p227,1
p226,1
p225,1
p224,1
p229,1
p228,1
p1181,1
p1180,1
p1183,1
p1182,1
p263,1
p1185,1
p4211,3
p262,1
p1184,1
p4212,13
p261,1
p1187,1
p260,1
p1186,1
p4210,13
p256,1
p1189,1
p4215,3
p255,1
p1188,1
p4216,13
p254,1
p4213,13
p253,1
p4214,13
p4219,3
p259,1
p258,1
p4217,3
p257,1
p4218,13
p1190,1
p1192,1
p1191,1
p1194,1
p1193,1
p252,1
p1196,1
p4222,3
p251,1
p1195,1
p4223,13
p250,1
p1198,1
p4220,13
p1197,1
p4221,3
p245,1
p4226,13
p244,1
p1199,1
p4227,3
p243,1
p4224,13
p242,1
p4225,13
p249,1
p248,1
p247,1
p4228,3
p246,1
p4229,13
p281,1
p4152,3
p280,1
p4153,13
p4150,13
p4151,3
p285,1
p4156,13
p284,1
p4157,13
p283,1
p4154,13
p282,1
p4155,13
p278,1
p277,1
p276,1
p4158,13
p275,1
p4159,3
p279,1
p4160,13
p270,1
p4163,3
p4164,13
p4161,13
p4162,13
p274,1
p4167,13
p273,1
p4168,13
p272,1
p4165,3
p271,1
p4166,3
p267,1
p266,1
p265,1
p4169,13
p264,1
p269,1
p268,1
p4130,13
p4131,13
p4134,13
p4135,13
p4132,13
p4133,13
p4138,13
p299,1
p4139,3
p298,1
p4136,13
p297,1
p4137,13
p292,1
p4141,3
p291,1
p4142,13
p290,1
p4140,13
p296,1
p4145,13
p295,1
p4146,13
p294,1
p4143,3
p293,1
p4144,13
p289,1
p4149,3
p288,1
p287,1
p4147,13
p286,1
p4148,3
p1919,1
p4192,3
p4193,3
p4190,13
p4191,13
p4196,13
p4197,13
p4194,13
p4195,13
p4198,3
p4199,13
p1921,1
p1920,1
p1923,1
p1922,1
p1925,1
p1924,1
p1927,1
p1926,1
p1929,1
p1928,1
p1930,1
p1932,1
p1931,1
p1934,1
p1933,1
p1936,1
p1935,1
p1938,1
p1937,1
p1939,1
p4170,3
p4171,13
p4174,13
p4175,3
p4172,13
p4173,3
p4178,13
p4179,13
p4176,3
p4177,13
p1901,1
p1900,1
p1903,1
p1902,1
p1905,1
p1904,1
p1907,1
p1906,1
p1909,1
p1908,1
p4181,13
p4182,13
p4180,13
p4185,3
p4186,3
p4183,13
p4184,13
p4189,3
p4187,13
p4188,13
p1910,1
p1912,1
p1911,1
p1914,1
p1913,1
p1916,1
p1915,1
p1918,1
p1917,1
p1961,1
p1960,1
p1963,1
p1962,1
p1965,1
p1964,1
p1967,1
p1966,1
p1969,1
p1968,1
p1970,1
p1972,1
p1971,1
p1974,1
p1973,1
p1976,1
p1975,1
p1978,1
p1977,1
p1979,1
p1941,1
p1940,1
p1943,1
p1942,1
p1945,1
p1944,1
p1947,1
p1946,1
p1949,1
p1948,1
p1950,1
p1952,1
p1951,1
p1954,1
p1953,1
p1956,1
p1955,1
p1958,1
p1957,1
p1959,1
p3702,5
p3703,5
p3700,5
p3701,5
p3706,2
p3707,5
p3704,5
p3705,2
p3708,5
p3709,2
p3710,15
p3713,15
p3714,5
p3711,15
p3712,2
p3717,5
p3718,5
p3715,5
p3716,2
p3719,5
p2,1
p3,1
p4,1
p5,1
p6,1
p7,1
p8,1
p9,1
p1981,1
p1980,1
p1983,1
p1982,1
p1985,1
p1984,1
p1987,1
p1986,1
p1989,1
p1988,1
p1990,1
p1992,1
p1991,1
p1994,1
p1993,1
p1996,1
p1995,1
p1998,1
p1997,1
p1999,1
p3621,2
p4952,4
p3622,5
p4953,8
p4950,8
p3620,5
p4951,8
p3625,2
p4956,4
p3626,15
p4957,4
p3623,2
p4954,8
p3624,5
p4955,4
p3629,2
p3627,2
p4958,4
p3628,2
p4959,4
p4960,4
p2300,1
p3632,5
p4963,4
p3633,15
p4964,8
p2302,1
p3630,5
p4961,4
p2301,1
p3631,5
p4962,8
p2304,1
p3636,5
p4967,4
p2303,1
p3637,5
p4968,4
p2306,1
p3634,2
p4965,4
p2305,1
p3635,5
p4966,4
p2308,1
p2307,1
p3638,5
p4969,4
p2309,1
p3639,2
p4930,8
p3600,12
p4931,4
p3603,5
p4934,8
p3604,5
p4935,4
p3601,11
p4932,4
p3602,5
p4933,8
p3607,5
p4938,4
p3608,2
p4939,4
p3605,5
p4936,4
p3606,2
p4937,8
p3609,5
p3610,5
p4941,4
p3611,5
p4942,8
p4940,4
p3614,5
p4945,4
p3615,5
p4946,4
p3612,5
p4943,4
p3613,5
p4944,4
p3618,2
p4949,8
p3619,5
p3616,5
p4947,4
p3617,5
p4948,4
p3661,15
p4992,4
p3662,15
p4993,8
p1000,1
p2331,1
p4990,4
p2330,1
p3660,2
p4991,4
p1002,1
p2333,1
p3665,5
p4996,8
p1001,1
p2332,1
p3666,2
p4997,4
p1004,1
p2335,1
p3663,5
p4994,4
p1003,1
p2334,1
p3664,5
p4995,4
p1006,1
p2337,1
p3669,5
p1005,1
p2336,1
p1008,1
p2339,1
p3667,5
p4998,8
p1007,1
p2338,1
p3668,5
p4999,8
p1009,1
p2340,1
p3672,2
p3673,5
p1011,1
p2342,1
p3670,5
p1010,1
p2341,1
p3671,15
p1013,1
p2344,1
p3676,5
p1012,1
p2343,1
p3677,15
p1015,1
p2346,1
p3674,5
p1014,1
p2345,1
p3675,5
p1017,1
p2348,1
p1016,1
p2347,1
p1019,1
p3678,5
p1018,1
p2349,1
p3679,5
p4970,4
p3640,5
p4971,4
p2311,1
p3643,5
p4974,8
p2310,1
p3644,5
p4975,8
p2313,1
p3641,2
p4972,4
p2312,1
p3642,5
p4973,4
p2315,1
p3647,15
p4978,8
p2314,1
p3648,5
p4979,8
p2317,1
p3645,2
p4976,4
p2316,1
p3646,5
p4977,4
p2319,1
p2318,1
p3649,5
p3650,5
p4981,4
p3651,5
p4982,8
p2320,1
p4980,4
p2322,1
p3654,2
p4985,8
p2321,1
p3655,5
p4986,8
p2324,1
p3652,2
p4983,8
p2323,1
p3653,2
p4984,4
p2326,1
p3658,5
p4989,4
p2325,1
p3659,5
p2328,1
p3656,2
p4987,4
p2327,1
p3657,5
p4988,4
p2329,1
p1040,1
p2371,1
p2370,1
p1042,1
p2373,1
p1041,1
p2372,1
p1044,1
p2375,1
p1043,1
p2374,1
p311,1
p1046,1
p2377,1
p310,1
p1045,1
p2376,1
p1048,1
p2379,1
p1047,1
p2378,1
p315,1
p314,1
p1049,1
p313,1
p312,1
p319,1
p318,1
p317,1
p316,1
p2380,1
p1051,1
p2382,1
p1050,1
p2381,1
p1053,1
p2384,1
p1052,1
p2383,1
p1055,1
p2386,1
p1054,1
p2385,1
p300,1
p1057,1
p2388,1
p1056,1
p2387,1
p1059,1
p1058,1
p2389,1
p304,1
p303,1
p302,1
p301,1
p308,1
p307,1
p306,1
p305,1
p309,1
p3680,5
p340,1
p1020,1
p2351,1
p3683,5
p2350,1
p3684,15
p1022,1
p2353,1
p3681,2
p1021,1
p2352,1
p3682,5
p333,1
p1024,1
p2355,1
p3687,5
p332,1
p1023,1
p2354,1
p3688,5
p331,1
p1026,1
p2357,1
p3685,15
p330,1
p1025,1
p2356,1
p3686,2
p337,1
p1028,1
p2359,1
p336,1
p1027,1
p2358,1
p335,1
p3689,15
p334,1
p1029,1
p339,1
p338,1
p3690,5
p3691,5
p2360,1
p1031,1
p2362,1
p3694,5
p1030,1
p2361,1
p3695,5
p1033,1
p2364,1
p3692,5
p1032,1
p2363,1
p3693,5
p322,1
p1035,1
p2366,1
p3698,5
p321,1
p1034,1
p2365,1
p3699,5
p320,1
p1037,1
p2368,1
p3696,15
p1036,1
p2367,1
p3697,5
p326,1
p1039,1
p325,1
p1038,1
p2369,1
p324,1
p323,1
p329,1
p328,1
p327,1
p1080,1
p1082,1
p1081,1
p1084,1
p1083,1
p362,1
p1086,1
p4112,3
p361,1
p1085,1
p4113,13
p360,1
p1088,1
p4110,13
p1087,1
p4111,3
p355,1
p4116,3
p354,1
p1089,1
p4117,13
p353,1
p4114,3
p352,1
p4115,13
p359,1
p358,1
p357,1
p4118,3
p356,1
p4119,13
p1091,1
p1090,1
p1093,1
p1092,1
p4120,13
p1095,1
p1094,1
p351,1
p1097,1
p4123,13
p350,1
p1096,1
p4124,3
p1099,1
p4121,13
p1098,1
p4122,13
p344,1
p4127,13
p343,1
p4128,13
p342,1
p4125,13
p341,1
p4126,13
p348,1
p347,1
p346,1
p4129,3
p345,1
p349,1
p380,1
p1060,1
p2391,1
p2390,1
p1062,1
p2393,1
p1061,1
p2392,1
p384,1
p1064,1
p2395,1
p383,1
p1063,1
p2394,1
p382,1
p1066,1
p2397,1
p381,1
p1065,1
p2396,1
p377,1
p1068,1
p2399,1
p376,1
p1067,1
p2398,1
p375,1
p374,1
p1069,1
p379,1
p378,1
p1071,1
p1070,1
p1073,1
p1072,1
p373,1
p1075,1
p4101,13
p372,1
p1074,1
p4102,13
p371,1
p1077,1
p370,1
p1076,1
p4100,13
p366,1
p1079,1
p4105,13
p365,1
p1078,1
p4106,13
p364,1
p4103,13
p363,1
p4104,3
p4109,13
p369,1
p368,1
p4107,13
p367,1
p4108,13
p3180,7
p3181,7
p3184,7
p3185,7
p3182,7
p3183,7
p3188,7
p3189,7
p3186,7
p3187,7
p399,1
p398,1
p397,1
p396,1
p3191,7
p3192,7
p3190,7
p391,1
p3195,7
p390,1
p3196,7
p3193,15
p3194,7
p395,1
p3199,7
p394,1
p393,1
p3197,7
p392,1
p3198,7
p388,1
p387,1
p386,1
p385,1
p389,1
p4490,14
p3162,7
p4493,14
p3163,7
p4494,14
p3160,7
p4491,10
p3161,7
p4492,14
p3166,15
p4497,14
p3167,7
p4498,9
p3164,7
p4495,9
p3165,7
p4496,9
p3168,7
p4499,9
p3169,7
p3170,7
p3173,7
p3174,7
p3171,7
p3172,7
p3177,7
p3178,7
p3175,7
p3176,15
p3179,7
p2700,1
p2702,1
p2701,1
p2704,1
p2703,1
p2706,1
p2705,1
p2708,1
p2707,1
p2709,1
p1400,1
p2731,1
p2730,1
p1402,1
p2733,1
p1401,1
p2732,1
p1404,1
p2735,1
p1403,1
p2734,1
p1406,1
p2737,1
p1405,1
p2736,1
p1408,1
p2739,1
p1407,1
p2738,1
p1409,1
p2740,1
p1411,1
p2742,1
p1410,1
p2741,1
p1413,1
p2744,1
p1412,1
p2743,1
p1415,1
p2746,1
p1414,1
p2745,1
p1417,1
p2748,1
p1416,1
p2747,1
p1419,1
p1418,1
p2749,1
p2711,1
p2710,1
p2713,1
p2712,1
p2715,1
p2714,1
p2717,1
p2716,1
p2719,1
p2718,1
p2720,1
p2722,1
p2721,1
p2724,1
p2723,1
p2726,1
p2725,1
p2728,1
p2727,1
p2729,1
p3980,13
p3981,3
p2650,1
p1321,1
p2652,1
p3984,3
p1320,1
p2651,1
p3985,13
p1323,1
p2654,1
p3982,13
p1322,1
p2653,1
p3983,13
p1325,1
p2656,1
p3988,13
p1324,1
p2655,1
p3989,13
p1327,1
p2658,1
p3986,13
p1326,1
p2657,1
p3987,13
p1329,1
p1328,1
p2659,1
p3991,3
p3992,13
p1330,1
p2661,1
p2660,1
p3990,3
p1332,1
p2663,1
p3995,13
p1331,1
p2662,1
p3996,13
p1334,1
p2665,1
p3993,13
p1333,1
p2664,1
p3994,13
p1336,1
p2667,1
p3999,3
p1335,1
p2666,1
p1338,1
p2669,1
p3997,3
p1337,1
p2668,1
p3998,13
p1339,1
p2630,1
p3962,13
p3963,3
p1301,1
p2632,1
p3960,13
p1300,1
p2631,1
p3961,13
p1303,1
p2634,1
p3966,13
p1302,1
p2633,1
p3967,3
p1305,1
p2636,1
p3964,13
p1304,1
p2635,1
p3965,13
p1307,1
p2638,1
p1306,1
p2637,1
p1309,1
p3968,13
p1308,1
p2639,1
p3969,13
p3970,13
p1310,1
p2641,1
p3973,13
p2640,1
p3974,3
p1312,1
p2643,1
p3971,13
p1311,1
p2642,1
p3972,13
p1314,1
p2645,1
p3977,13
p1313,1
p2644,1
p3978,3
p1316,1
p2647,1
p3975,13
p1315,1
p2646,1
p3976,13
p1318,1
p2649,1
p1317,1
p2648,1
p3979,3
p1319,1
p2690,1
p1361,1
p2692,1
p1360,1
p2691,1
p1363,1
p2694,1
p1362,1
p2693,1
p1365,1
p2696,1
p1364,1
p2695,1
p1367,1
p2698,1
p1366,1
p2697,1
p1369,1
p1368,1
p2699,1
p1370,1
p1372,1
p1371,1
p1374,1
p1373,1
p1376,1
p4402,14
p1375,1
p4403,10
p1378,1
p4400,14
p1377,1
p4401,9
p4406,9
p1379,1
p4407,9
p4404,9
p4405,9
p4408,9
p4409,10
p2670,1
p1341,1
p2672,1
p1340,1
p2671,1
p410,1
p1343,1
p2674,1
p1342,1
p2673,1
p1345,1
p2676,1
p1344,1
p2675,1
p414,1
p1347,1
p2678,1
p413,1
p1346,1
p2677,1
p412,1
p1349,1
p411,1
p1348,1
p2679,1
p418,1
p417,1
p416,1
p415,1
p419,1
p1350,1
p2681,1
p2680,1
p1352,1
p2683,1
p1351,1
p2682,1
p1354,1
p2685,1
p1353,1
p2684,1
p1356,1
p2687,1
p1355,1
p2686,1
p403,1
p1358,1
p2689,1
p402,1
p1357,1
p2688,1
p401,1
p400,1
p1359,1
p407,1
p406,1
p405,1
p404,1
p409,1
p408,1
p3100,1
p4431,9
p3101,7
p4432,9
p4430,14
p432,1
p3104,7
p4435,9
p431,1
p3105,7
p4436,9
p430,1
p3102,7
p4433,14
p3103,7
p4434,14
p436,1
p3108,7
p4439,9
p435,1
p3109,7
p434,1
p3106,7
p4437,10
p433,1
p3107,7
p4438,10
p439,1
p438,1
p437,1
p3111,7
p4442,10
p3112,7
p4443,9
p4440,14
p3110,7
p4441,9
p421,1
p3115,7
p4446,9
p420,1
p3116,7
p4447,9
p3113,7
p4444,9
p3114,7
p4445,9
p425,1
p3119,7
p424,1
p423,1
p3117,7
p4448,10
p422,1
p3118,7
p4449,9
p429,1
p428,1
p427,1
p426,1
p1381,1
p1380,1
p461,1
p1383,1
p460,1
p1382,1
p4410,9
p1385,1
p1384,1
p454,1
p1387,1
p4413,10
p453,1
p1386,1
p4414,10
p452,1
p1389,1
p4411,10
p451,1
p1388,1
p4412,14
p458,1
p4417,9
p457,1
p4418,9
p456,1
p4415,10
p455,1
p4416,9
p4419,9
p459,1
p1390,1
p1392,1
p1391,1
p450,1
p1394,1
p4420,10
p1393,1
p4421,9
p1396,1
p1395,1
p443,1
p1398,1
p4424,10
p442,1
p1397,1
p4425,14
p441,1
p4422,14
p440,1
p1399,1
p4423,14
p447,1
p4428,14
p446,1
p4429,10
p445,1
p4426,10
p444,1
p4427,14
p449,1
p448,1
p3140,7
p4471,9
p3141,7
p4472,14
p4470,9
p483,1
p3144,7
p4475,10
p482,1
p3145,7
p4476,14
p481,1
p3142,7
p4473,14
p480,1
p3143,7
p4474,10
p476,1
p3148,7
p4479,10
p475,1
p3149,7
p474,1
p3146,7
p4477,9
p473,1
p3147,15
p4478,10
p479,1
p478,1
p477,1
p3151,7
p4482,9
p3152,7
p4483,14
p4480,10
p3150,7
p4481,14
p472,1
p3155,7
p4486,14
p471,1
p3156,7
p4487,9
p470,1
p3153,7
p4484,14
p3154,7
p4485,10
p465,1
p3159,7
p464,1
p463,1
p3157,7
p4488,9
p462,1
p3158,15
p4489,14
p469,1
p468,1
p467,1
p466,1
p4450,14
p3122,7
p4453,10
p3123,7
p4454,10
p3120,7
p4451,9
p3121,7
p4452,14
p498,1
p3126,7
p4457,9
p497,1
p3127,7
p4458,9
p496,1
p3124,7
p4455,10
p495,1
p3125,7
p4456,10
p3128,7
p4459,9
p499,1
p3129,7
p490,1
p4460,14
p3130,7
p4461,14
p494,1
p3133,7
p4464,9
p493,1
p3134,7
p4465,14
p492,1
p3131,7
p4462,10
p491,1
p3132,7
p4463,9
p487,1
p3137,7
p4468,9
p486,1
p3138,15
p4469,14
p485,1
p3135,7
p4466,9
p484,1
p3136,15
p4467,9
p489,1
p3139,7
p488,1
p4390,14
p3060,1
p4391,9
p3063,1
p4394,9
p3064,1
p4395,9
p3061,1
p4392,9
p3062,1
p4393,9
p3067,1
p4398,9
p3068,1
p4399,9
p3065,1
p4396,10
p3066,1
p4397,9
p3069,1
p3070,1
p3071,1
p3074,1
p3075,1
p3072,1
p3073,1
p3078,1
p3079,1
p3076,1
p3077,1
p3041,1
p4372,9
p3042,1
p4373,10
p4370,10
p3040,1
p4371,10
p3045,1
p4376,9
p3046,1
p4377,14
p3043,1
p4374,9
p3044,1
p4375,14
p3049,1
p3047,1
p4378,9
p3048,1
p4379,14
p4380,9
p3052,1
p4383,9
p3053,1
p4384,9
p3050,1
p4381,10
p3051,1
p4382,9
p3056,1
p4387,14
p3057,1
p4388,9
p3054,1
p4385,9
p3055,1
p4386,14
p3058,1
p4389,14
p3059,1
p3081,1
p3082,1
p3080,1
p3085,1
p3086,1
p3083,1
p3084,1
p3089,1
p3087,1
p3088,1
p3092,1
p3093,1
p3090,1
p3091,1
p3096,1
p3097,1
p3094,1
p3095,1
p3098,1
p3099,1
p3900,2
p3901,5
p3904,15
p3905,5
p3902,5
p3903,5
p3908,2
p3909,5
p3906,2
p3907,5
p3911,2
p3912,5
p3910,5
p3915,2
p3916,5
p3913,5
p3914,15
p3919,5
p3917,2
p3918,2
p3940,5
p3941,5
p2610,1
p2612,1
p3944,5
p2611,1
p3945,5
p2614,1
p3942,2
p2613,1
p3943,5
p2616,1
p3948,5
p2615,1
p3949,2
p2618,1
p3946,5
p2617,1
p3947,5
p2619,1
p3951,13
p3952,13
p2621,1
p2620,1
p3950,2
p2623,1
p3955,3
p2622,1
p3956,3
p2625,1
p3953,13
p2624,1
p3954,13
p2627,1
p3959,13
p2626,1
p2629,1
p3957,3
p2628,1
p3958,13
p3922,5
p3923,5
p3920,5
p3921,2
p3926,2
p3927,5
p3924,2
p3925,5
p3928,5
p3929,15
p3930,5
p2601,1
p3933,2
p2600,1
p3934,2
p2603,1
p3931,5
p2602,1
p3932,5
p2605,1
p3937,5
p2604,1
p3938,2
p2607,1
p3935,2
p2606,1
p3936,5
p2609,1
p2608,1
p3939,2
p3860,5
p1200,1
p2531,1
p3863,2
p2530,1
p3864,2
p1202,1
p2533,1
p3861,5
p1201,1
p2532,1
p3862,2
p1204,1
p2535,1
p3867,5
p1203,1
p2534,1
p3868,5
p1206,1
p2537,1
p3865,5
p1205,1
p2536,1
p3866,2
p1208,1
p2539,1
p1207,1
p2538,1
p3869,5
p1209,1
p3870,5
p3871,2
p2540,1
p1211,1
p2542,1
p3874,2
p1210,1
p2541,1
p3875,2
p1213,1
p2544,1
p3872,2
p1212,1
p2543,1
p3873,5
p1215,1
p2546,1
p3878,5
p1214,1
p2545,1
p3879,15
p1217,1
p2548,1
p3876,2
p1216,1
p2547,1
p3877,2
p1219,1
p1218,1
p2549,1
p3841,5
p3842,5
p2511,1
p2510,1
p3840,2
p2513,1
p3845,2
p2512,1
p3846,15
p2515,1
p3843,5
p2514,1
p3844,5
p2517,1
p3849,5
p2516,1
p2519,1
p3847,5
p2518,1
p3848,5
p2520,1
p3852,5
p3853,5
p2522,1
p3850,5
p2521,1
p3851,2
p2524,1
p3856,2
p2523,1
p3857,5
p2526,1
p3854,2
p2525,1
p3855,5
p2528,1
p2527,1
p3858,2
p2529,1
p3859,2
p1240,1
p2571,1
p2570,1
p1242,1
p2573,1
p1241,1
p2572,1
p1244,1
p2575,1
p1243,1
p2574,1
p1246,1
p2577,1
p1245,1
p2576,1
p513,1
p1248,1
p2579,1
p512,1
p1247,1
p2578,1
p511,1
p510,1
p1249,1
p517,1
p516,1
p515,1
p514,1
p519,1
p518,1
p2580,1
p1251,1
p2582,1
p1250,1
p2581,1
p1253,1
p2584,1
p1252,1
p2583,1
p1255,1
p2586,1
p1254,1
p2585,1
p1257,1
p2588,1
p1256,1
p2587,1
p502,1
p1259,1
p501,1
p1258,1
p2589,1
p500,1
p506,1
p505,1
p504,1
p503,1
p509,1
p508,1
p507,1
p3881,2
p3882,5
p1220,1
p2551,1
p2550,1
p3880,5
p531,1
p1222,1
p2553,1
p3885,2
p530,1
p1221,1
p2552,1
p3886,5
p1224,1
p2555,1
p3883,5
p1223,1
p2554,1
p3884,5
p535,1
p1226,1
p2557,1
p3889,5
p534,1
p1225,1
p2556,1
p533,1
p1228,1
p2559,1
p3887,5
p532,1
p1227,1
p2558,1
p3888,5
p539,1
p538,1
p1229,1
p537,1
p536,1
p2560,1
p3892,5
p3893,2
p1231,1
p2562,1
p3890,2
p1230,1
p2561,1
p3891,2
p520,1
p1233,1
p2564,1
p3896,5
p1232,1
p2563,1
p3897,5
p1235,1
p2566,1
p3894,5
p1234,1
p2565,1
p3895,5
p524,1
p1237,1
p2568,1
p523,1
p1236,1
p2567,1
p522,1
p1239,1
p3898,5
p521,1
p1238,1
p2569,1
p3899,5
p528,1
p527,1
p526,1
p525,1
p529,1
p1280,1
p1282,1
p1281,1
p560,1
p1284,1
p4310,10
p1283,1
p4311,10
p1286,1
p1285,1
p553,1
p1288,1
p4314,9
p552,1
p1287,1
p4315,9
p551,1
p4312,14
p550,1
p1289,1
p4313,14
p557,1
p4318,9
p556,1
p4319,14
p555,1
p4316,9
p554,1
p4317,14
p559,1
p558,1
p1291,1
p1290,1
p1293,1
p1292,1
p1295,1
p4321,10
p1294,1
p4322,14
p1297,1
p1296,1
p4320,14
p542,1
p1299,1
p4325,10
p541,1
p1298,1
p4326,14
p540,1
p4323,9
p4324,9
p546,1
p4329,9
p545,1
p544,1
p4327,14
p543,1
p4328,9
p549,1
p548,1
p547,1
p1260,1
p2591,1
p2590,1
p582,1
p1262,1
p2593,1
p581,1
p1261,1
p2592,1
p580,1
p1264,1
p2595,1
p1263,1
p2594,1
p575,1
p1266,1
p2597,1
p574,1
p1265,1
p2596,1
p573,1
p1268,1
p2599,1
p572,1
p1267,1
p2598,1
p579,1
p578,1
p1269,1
p577,1
p576,1
p1271,1
p1270,1
p571,1
p1273,1
p570,1
p1272,1
p4300,3
p1275,1
p1274,1
p564,1
p1277,1
p4303,9
p563,1
p1276,1
p4304,14
p562,1
p1279,1
p4301,9
p561,1
p1278,1
p4302,9
p568,1
p4307,9
p567,1
p4308,9
p566,1
p4305,14
p565,1
p4306,10
p4309,9
p569,1
p4350,9
p3020,1
p4351,14
p3023,1
p4354,9
p3024,1
p4355,10
p3021,1
p4352,9
p3022,1
p4353,10
p597,1
p3027,1
p4358,10
p596,1
p3028,1
p4359,10
p595,1
p3025,1
p4356,14
p594,1
p3026,1
p4357,9
p599,1
p3029,1
p598,1
p3030,1
p4361,9
p3031,1
p4362,9
p4360,14
p593,1
p3034,1
p4365,10
p592,1
p3035,1
p4366,14
p591,1
p3032,1
p4363,9
p590,1
p3033,1
p4364,9
p586,1
p3038,1
p4369,10
p585,1
p3039,1
p584,1
p3036,1
p4367,10
p583,1
p3037,1
p4368,14
p589,1
p588,1
p587,1
p3001,1
p4332,9
p3002,1
p4333,9
p4330,10
p3000,1
p4331,9
p3005,1
p4336,9
p3006,1
p4337,9
p3003,1
p4334,9
p3004,1
p4335,9
p3009,1
p3007,1
p4338,10
p3008,1
p4339,9
p4340,9
p3012,1
p4343,9
p3013,1
p4344,10
p3010,1
p4341,9
p3011,1
p4342,9
p3016,1
p4347,9
p3017,1
p4348,9
p3014,1
p4345,9
p3015,1
p4346,14
p3018,1
p4349,9
p3019,1
p2090,1
p2092,1
p2091,1
p2094,1
p2093,1
p2096,1
p2095,1
p2098,1
p2097,1
p2099,1
p2070,1
p2072,1
p2071,1
p2074,1
p2073,1
p2076,1
p2075,1
p2078,1
p2077,1
p2079,1
p2081,1
p2080,1
p2083,1
p2082,1
p2085,1
p2084,1
p2087,1
p2086,1
p2089,1
p2088,1
p2900,1
p2902,1
p2901,1
p2904,1
p2903,1
p2906,1
p2905,1
p2908,1
p2907,1
p1600,1
p2931,1
p2930,1
p1602,1
p2933,1
p1601,1
p2932,1
p1604,1
p2935,1
p1603,1
p2934,1
p1606,1
p2937,1
p1605,1
p2936,1
p1608,1
p2939,1
p1607,1
p2938,1
p1609,1
p2940,1
p1611,1
p2942,1
p1610,1
p2941,1
p1613,1
p2944,1
p1612,1
p2943,1
p1615,1
p2946,1
p1614,1
p2945,1
p1617,1
p2948,1
p1616,1
p2947,1
p1619,1
p1618,1
p2949,1
p2909,1
p2911,1
p2910,1
p2913,1
p2912,1
p2915,1
p2914,1
p2917,1
p2916,1
p2919,1
p2918,1
p2920,1
p2922,1
p2921,1
p2924,1
p2923,1
p2926,1
p2925,1
p2928,1
p2927,1
p2929,1
p1640,1
p2971,1
p2970,1
p1642,1
p2973,1
p1641,1
p2972,1
p1644,1
p2975,1
p1643,1
p2974,1
p1646,1
p2977,1
p1645,1
p2976,1
p1648,1
p2979,1
p1647,1
p2978,1
p1649,1
p2980,1
p1651,1
p2982,1
p1650,1
p2981,1
p1653,1
p2984,1
p1652,1
p2983,1
p1655,1
p2986,1
p1654,1
p2985,1
p1657,1
p2988,1
p1656,1
p2987,1
p1659,1
p1658,1
p2989,1
p1620,1
p2951,1
p2950,1
p1622,1
p2953,1
p1621,1
p2952,1
p1624,1
p2955,1
p1623,1
p2954,1
p1626,1
p2957,1
p1625,1
p2956,1
p1628,1
p2959,1
p1627,1
p2958,1
p1629,1
p2960,1
p1631,1
p2962,1
p1630,1
p2961,1
p1633,1
p2964,1
p1632,1
p2963,1
p1635,1
p2966,1
p1634,1
p2965,1
p1637,1
p2968,1
p1636,1
p2967,1
p1639,1
p1638,1
p2969,1
p2890,1
p1561,1
p2892,1
p1560,1
p2891,1
p1563,1
p2894,1
p1562,1
p2893,1
p1565,1
p2896,1
p1564,1
p2895,1
p1567,1
p2898,1
p1566,1
p2897,1
p1569,1
p1568,1
p2899,1
p1570,1
p1572,1
p1571,1
p1574,1
p4600,9
p1573,1
p4601,10
p1576,1
p1575,1
p1578,1
p4604,14
p1577,1
p4605,9
p4602,14
p1579,1
p4603,14
p4608,14
p4609,9
p4606,9
p4607,10
p2870,1
p1541,1
p2872,1
p1540,1
p2871,1
p1543,1
p2874,1
p1542,1
p2873,1
p612,1
p1545,1
p2876,1
p611,1
p1544,1
p2875,1
p610,1
p1547,1
p2878,1
p1546,1
p2877,1
p616,1
p1549,1
p615,1
p1548,1
p2879,1
p614,1
p613,1
p619,1
p618,1
p617,1
p1550,1
p2881,1
p2880,1
p1552,1
p2883,1
p1551,1
p2882,1
p1554,1
p2885,1
p1553,1
p2884,1
p601,1
p1556,1
p2887,1
p600,1
p1555,1
p2886,1
p1558,1
p2889,1
p1557,1
p2888,1
p605,1
p604,1
p1559,1
p603,1
p602,1
p609,1
p608,1
p607,1
p606,1
p4630,9
p630,1
p3302,12
p4633,9
p3303,12
p4634,9
p3300,12
p4631,14
p3301,12
p4632,9
p634,1
p3306,12
p4637,10
p633,1
p3307,12
p4638,9
p632,1
p3304,12
p4635,10
p631,1
p3305,12
p4636,14
p638,1
p637,1
p636,1
p3308,6
p4639,14
p635,1
p3309,12
p639,1
p4640,9
p3310,11
p4641,10
p3313,6
p4644,9
p3314,11
p4645,10
p3311,6
p4642,9
p3312,12
p4643,9
p623,1
p3317,11
p4648,9
p622,1
p3318,6
p4649,10
p621,1
p3315,12
p4646,14
p620,1
p3316,12
p4647,9
p627,1
p626,1
p625,1
p3319,12
p624,1
p629,1
p628,1
p1581,1
p1580,1
p1583,1
p1582,1
p652,1
p1585,1
p4611,9
p651,1
p1584,1
p4612,9
p650,1
p1587,1
p1586,1
p4610,9
p656,1
p1589,1
p4615,9
p655,1
p1588,1
p4616,14
p654,1
p4613,9
p653,1
p4614,9
p4619,9
p659,1
p658,1
p4617,14
p657,1
p4618,9
p1590,1
p1592,1
p1591,1
p1594,1
p1593,1
p641,1
p1596,1
p4622,9
p640,1
p1595,1
p4623,10
p1598,1
p4620,9
p1597,1
p4621,9
p645,1
p4626,9
p644,1
p1599,1
p4627,9
p643,1
p4624,14
p642,1
p4625,10
p649,1
p648,1
p647,1
p4628,9
p646,1
p4629,9
p4670,8
p681,1
p2010,1
p3342,11
p4673,4
p680,1
p3343,11
p4674,8
p2012,1
p3340,12
p4671,4
p2011,1
p3341,12
p4672,8
p674,1
p2014,1
p3346,12
p4677,4
p673,1
p2013,1
p3347,12
p4678,8
p672,1
p2016,1
p3344,11
p4675,4
p671,1
p2015,1
p3345,12
p4676,4
p678,1
p2018,1
p677,1
p2017,1
p676,1
p3348,11
p4679,8
p675,1
p2019,1
p3349,6
p679,1
p4680,8
p3350,12
p4681,4
p670,1
p2021,1
p3353,11
p4684,8
p2020,1
p3354,12
p4685,4
p2023,1
p3351,11
p4682,4
p2022,1
p3352,11
p4683,4
p663,1
p2025,1
p3357,12
p4688,4
p662,1
p2024,1
p3358,12
p4689,8
p661,1
p2027,1
p3355,12
p4686,8
p660,1
p2026,1
p3356,11
p4687,4
p667,1
p2029,1
p666,1
p2028,1
p665,1
p3359,12
p664,1
p669,1
p668,1
p3320,6
p4651,4
p3321,6
p4652,4
p4650,9
p696,1
p3324,12
p4655,8
p695,1
p3325,12
p4656,8
p694,1
p3322,12
p4653,8
p693,1
p3323,6
p4654,8
p3328,6
p4659,8
p699,1
p3329,12
p698,1
p3326,12
p4657,4
p697,1
p3327,12
p4658,8
p692,1
p3331,12
p4662,8
p691,1
p3332,12
p4663,4
p690,1
p2001,1
p4660,8
p2000,1
p3330,6
p4661,8
p685,1
p2003,1
p3335,12
p4666,4
p684,1
p2002,1
p3336,12
p4667,4
p683,1
p2005,1
p3333,11
p4664,4
p682,1
p2004,1
p3334,12
p4665,8
p689,1
p2007,1
p3339,12
p688,1
p2006,1
p687,1
p2009,1
p3337,12
p4668,8
p686,1
p2008,1
p3338,12
p4669,8
p2050,1
p3382,12
p3383,12
p2052,1
p3380,11
p2051,1
p3381,12
p2054,1
p3386,12
p2053,1
p3387,12
p2056,1
p3384,6
p2055,1
p3385,12
p2058,1
p2057,1
p3388,12
p2059,1
p3389,11
p3390,12
p2061,1
p3393,12
p2060,1
p3394,11
p2063,1
p3391,12
p2062,1
p3392,12
p2065,1
p3397,6
p2064,1
p3398,12
p2067,1
p3395,12
p2066,1
p3396,12
p2069,1
p2068,1
p3399,11
p3360,6
p4691,4
p3361,11
p4692,8
p2030,1
p4690,8
p2032,1
p3364,6
p4695,4
p2031,1
p3365,12
p4696,8
p2034,1
p3362,6
p4693,8
p2033,1
p3363,12
p4694,4
p2036,1
p3368,12
p4699,4
p2035,1
p3369,6
p2038,1
p3366,6
p4697,4
p2037,1
p3367,12
p4698,4
p2039,1
p3371,12
p3372,12
p2041,1
p2040,1
p3370,11
p2043,1
p3375,12
p2042,1
p3376,11
p2045,1
p3373,12
p2044,1
p3374,12
p2047,1
p3379,12
p2046,1
p2049,1
p3377,11
p2048,1
p3378,6
p5000,8
p3280,12
p3283,12
p3284,6
p3281,12
p3282,12
p3287,12
p3288,11
p3285,12
p3286,6
p3289,12
p3290,12
p3291,6
p3294,12
p3295,12
p3292,6
p3293,12
p3298,12
p3299,12
p3296,6
p3297,12
p2810,1
p2812,1
p2811,1
p2814,1
p2813,1
p2816,1
p2815,1
p2818,1
p2817,1
p2819,1
p2821,1
p2820,1
p2823,1
p2822,1
p2825,1
p2824,1
p2827,1
p2826,1
p2829,1
p2828,1
p2801,1
p2800,1
p2803,1
p2802,1
p2805,1
p2804,1
p2807,1
p2806,1
p2809,1
p2808,1
p2850,1
p1521,1
p2852,1
p1520,1
p2851,1
p1523,1
p2854,1
p1522,1
p2853,1
p1525,1
p2856,1
p1524,1
p2855,1
p1527,1
p2858,1
p1526,1
p2857,1
p1529,1
p1528,1
p2859,1
p1530,1
p2861,1
p2860,1
p1532,1
p2863,1
p1531,1
p2862,1
p1534,1
p2865,1
p1533,1
p2864,1
p1536,1
p2867,1
p1535,1
p2866,1
p1538,1
p2869,1
p1537,1
p2868,1
p1539,1
p2830,1
p1501,1
p2832,1
p1500,1
p2831,1
p1503,1
p2834,1
p1502,1
p2833,1
p1505,1
p2836,1
p1504,1
p2835,1
p1507,1
p2838,1
p1506,1
p2837,1
p1509,1
p1508,1
p2839,1
p1510,1
p2841,1
p2840,1
p1512,1
p2843,1
p1511,1
p2842,1
p1514,1
p2845,1
p1513,1
p2844,1
p1516,1
p2847,1
p1515,1
p2846,1
p1518,1
p2849,1
p1517,1
p2848,1
p1519,1
p1440,1
p2771,1
p2770,1
p1442,1
p2773,1
p1441,1
p2772,1
p1444,1
p2775,1
p1443,1
p2774,1
p711,1
p1446,1
p2777,1
p710,1
p1445,1
p2776,1
p1448,1
p2779,1
p1447,1
p2778,1
p715,1
p714,1
p1449,1
p713,1
p712,1
p719,1
p718,1
p717,1
p716,1
p709,1
p2780,1
p1451,1
p2782,1
p1450,1
p2781,1
p1453,1
p2784,1
p1452,1
p2783,1
p1455,1
p2786,1
p1454,1
p2785,1
p700,1
p1457,1
p2788,1
p1456,1
p2787,1
p1459,1
p1458,1
p2789,1
p704,1
p703,1
p702,1
p701,1
p708,1
p707,1
p706,1
p705,1
p1420,1
p2751,1
p2750,1
p1422,1
p2753,1
p1421,1
p2752,1
p733,1
p1424,1
p2755,1
p732,1
p1423,1
p2754,1
p731,1
p1426,1
p2757,1
p730,1
p1425,1
p2756,1
p737,1
p1428,1
p2759,1
p736,1
p1427,1
p2758,1
p735,1
p734,1
p1429,1
p739,1
p738,1
p2760,1
p1431,1
p2762,1
p1430,1
p2761,1
p1433,1
p2764,1
p1432,1
p2763,1
p722,1
p1435,1
p2766,1
p721,1
p1434,1
p2765,1
p720,1
p1437,1
p2768,1
p1436,1
p2767,1
p726,1
p1439,1
p725,1
p1438,1
p2769,1
p724,1
p723,1
p729,1
p728,1
p727,1
p1480,1
p1482,1
p1481,1
p1484,1
p1483,1
p751,1
p1486,1
p4512,9
p750,1
p1485,1
p4513,10
p1488,1
p4510,14
p1487,1
p4511,10
p755,1
p4516,10
p754,1
p1489,1
p4517,9
p753,1
p4514,14
p752,1
p4515,10
p759,1
p758,1
p757,1
p4518,9
p756,1
p4519,10
p1491,1
p1490,1
p1493,1
p1492,1
p4520,14
p1495,1
p1494,1
p740,1
p1497,1
p4523,9
p1496,1
p4524,14
p1499,1
p4521,10
p1498,1
p4522,9
p744,1
p4527,14
p743,1
p4528,9
p742,1
p4525,10
p741,1
p4526,10
p748,1
p747,1
p746,1
p4529,14
p745,1
p749,1
p780,1
p1460,1
p2791,1
p2790,1
p1462,1
p2793,1
p1461,1
p2792,1
p773,1
p1464,1
p2795,1
p772,1
p1463,1
p2794,1
p771,1
p1466,1
p2797,1
p770,1
p1465,1
p2796,1
p777,1
p1468,1
p2799,1
p776,1
p1467,1
p2798,1
p775,1
p774,1
p1469,1
p779,1
p778,1
p1471,1
p1470,1
p1473,1
p1472,1
p762,1
p1475,1
p4501,9
p761,1
p1474,1
p4502,10
p760,1
p1477,1
p1476,1
p4500,10
p766,1
p1479,1
p4505,10
p765,1
p1478,1
p4506,14
p764,1
p4503,14
p763,1
p4504,9
p4509,10
p769,1
p768,1
p4507,9
p767,1
p4508,14
p3221,7
p4552,10
p3222,7
p4553,14
p4550,9
p3220,7
p4551,10
p795,1
p3225,7
p4556,9
p794,1
p3226,7
p4557,9
p793,1
p3223,7
p4554,9
p792,1
p3224,7
p4555,10
p799,1
p3229,7
p798,1
p797,1
p3227,7
p4558,9
p796,1
p3228,7
p4559,10
p4560,14
p791,1
p3232,7
p4563,10
p790,1
p3233,7
p4564,10
p3230,7
p4561,9
p3231,7
p4562,14
p784,1
p3236,7
p4567,9
p783,1
p3237,7
p4568,9
p782,1
p3234,7
p4565,10
p781,1
p3235,7
p4566,9
p788,1
p787,1
p786,1
p3238,7
p4569,10
p785,1
p3239,7
p789,1
p4530,10
p3200,7
p4531,14
p3203,7
p4534,14
p3204,7
p4535,9
p3201,7
p4532,9
p3202,7
p4533,9
p3207,7
p4538,9
p3208,7
p4539,9
p3205,7
p4536,10
p3206,7
p4537,14
p3209,15
p3210,7
p4541,9
p3211,7
p4542,14
p4540,10
p3214,7
p4545,9
p3215,7
p4546,10
p3212,7
p4543,10
p3213,7
p4544,9
p3218,7
p4549,9
p3219,7
p3216,7
p4547,9
p3217,7
p4548,10
p3261,6
p4592,14
p3262,11
p4593,9
p4590,9
p3260,12
p4591,9
p3265,6
p4596,9
p3266,12
p4597,9
p3263,11
p4594,14
p3264,11
p4595,9
p3269,12
p3267,12
p4598,9
p3268,12
p4599,14
p3272,6
p3273,11
p3270,12
p3271,6
p3276,12
p3277,6
p3274,12
p3275,12
p3278,12
p3279,12
p4570,14
p3240,7
p4571,10
p3243,7
p4574,9
p3244,7
p4575,14
p3241,7
p4572,14
p3242,7
p4573,14
p3247,7
p4578,10
p3248,7
p4579,10
p3245,7
p4576,10
p3246,7
p4577,10
p3249,7
p3250,7
p4581,9
p3251,7
p4582,10
p4580,14
p3254,7
p4585,14
p3255,12
p4586,10
p3252,7
p4583,14
p3253,7
p4584,9
p3258,6
p4589,10
p3259,11
p3256,6
p4587,14
p3257,12
p4588,9
